"State","County","Year","Days with AQI","Good Days","Moderate Days","Unhealthy for Sensitive Groups Days","Unhealthy Days","Very Unhealthy Days","Hazardous Days","Max AQI","90th Percentile AQI","Median AQI","Days CO","Days NO2","Days Ozone","Days SO2","Days PM2.5","Days PM10"
"Alabama","Baldwin",2019,166,140,26,0,0,0,0,80,54,40,0,0,139,0,27,0
"Alabama","Clay",2019,63,58,5,0,0,0,0,67,49,29,0,0,0,0,63,0
"Alabama","Colbert",2019,171,161,10,0,0,0,0,61,49,38,0,0,138,0,33,0
"Alabama","DeKalb",2019,208,188,20,0,0,0,0,77,50,39,0,0,187,0,21,0
"Alabama","Elmore",2019,148,137,11,0,0,0,0,100,49,41,0,0,148,0,0,0
"Alabama","Etowah",2019,170,144,26,0,0,0,0,90,54,43,0,0,136,0,34,0
"Alabama","Houston",2019,170,150,20,0,0,0,0,77,51,38,0,0,130,0,40,0
"Alabama","Jefferson",2019,121,59,61,0,1,0,0,200,67,51,1,1,32,5,81,1
"Alabama","Madison",2019,181,130,51,0,0,0,0,90,61,44,0,0,89,0,92,0
"Alabama","Mobile",2019,211,158,53,0,0,0,0,79,61,42,0,0,90,3,118,0
"Alabama","Montgomery",2019,212,103,108,1,0,0,0,122,67,51,0,0,40,0,172,0
"Alabama","Morgan",2019,212,176,36,0,0,0,0,87,54,41,0,0,116,0,96,0
"Alabama","Russell",2019,212,153,59,0,0,0,0,84,60,42,0,0,70,0,142,0
"Alabama","Shelby",2019,206,184,21,1,0,0,0,119,51,37,0,0,148,58,0,0
"Alabama","Sumter",2019,207,196,11,0,0,0,0,62,47,34,0,0,109,8,90,0
"Alabama","Tuscaloosa",2019,155,146,9,0,0,0,0,59,47,35,0,0,111,0,44,0
"Alaska","Anchorage ",2019,181,140,39,2,0,0,0,136,62,27,2,0,0,0,112,67
"Alaska","Bethel ",2019,156,154,2,0,0,0,0,62,28,10,0,0,0,0,86,70
"Alaska","Denali ",2019,237,236,1,0,0,0,0,54,45,38,0,0,237,0,0,0
"Alaska","Fairbanks North Star ",2019,182,117,48,9,8,0,0,172,95,39,1,16,80,1,81,3
"Alaska","Juneau ",2019,180,143,37,0,0,0,0,79,56,25,0,0,0,0,170,10
"Alaska","Matanuska-Susitna ",2019,181,155,25,1,0,0,0,116,55,18,0,0,0,0,137,44
"Arizona","Apache",2019,271,271,0,0,0,0,0,39,20,11,0,0,0,0,18,253
"Arizona","Cochise",2019,273,176,97,0,0,0,0,97,71,47,0,0,221,0,30,22
"Arizona","Coconino",2019,273,209,64,0,0,0,0,80,61,46,0,0,273,0,0,0
"Arizona","Gila",2019,273,79,149,39,6,0,0,187,112,67,0,0,197,74,0,2
"Arizona","La Paz",2019,272,218,54,0,0,0,0,77,61,45,0,0,268,0,4,0
"Arizona","Maricopa",2019,274,74,176,24,0,0,0,147,98,62,1,1,207,0,31,34
"Arizona","Mohave",2019,273,268,5,0,0,0,0,69,29,15,0,0,0,0,0,273
"Arizona","Navajo",2019,270,203,66,1,0,0,0,112,61,45,0,0,237,0,0,33
"Arizona","Pima",2019,274,153,119,2,0,0,0,103,74,49,1,0,218,0,7,48
"Arizona","Pinal",2019,273,106,146,10,1,3,7,886,94,60,0,0,166,0,18,89
"Arizona","Santa Cruz",2019,269,227,41,1,0,0,0,120,56,29,0,0,0,0,183,86
"Arizona","Yavapai",2019,266,211,55,0,0,0,0,87,58,44,0,0,266,0,0,0
"Arizona","Yuma",2019,273,195,76,2,0,0,0,110,71,46,0,0,219,0,26,28
"Arkansas","Arkansas",2019,89,74,15,0,0,0,0,77,55,32,0,0,0,0,89,0
"Arkansas","Ashley",2019,90,76,14,0,0,0,0,62,53,34,0,0,0,0,90,0
"Arkansas","Benton",2019,146,120,26,0,0,0,0,83,56,35,0,0,0,0,146,0
"Arkansas","Clark",2019,205,199,6,0,0,0,0,61,46,33,0,0,205,0,0,0
"Arkansas","Craighead",2019,49,43,6,0,0,0,0,61,53,30,0,0,0,0,49,0
"Arkansas","Crittenden",2019,273,206,66,1,0,0,0,101,58,43,0,2,168,0,103,0
"Arkansas","Garland",2019,91,72,19,0,0,0,0,67,54,37,0,0,0,0,91,0
"Arkansas","Jackson",2019,87,76,11,0,0,0,0,73,53,35,0,0,0,0,87,0
"Arkansas","Newton",2019,273,256,16,1,0,0,0,129,49,37,0,0,273,0,0,0
"Arkansas","Polk",2019,269,226,42,1,0,0,0,119,56,40,0,0,234,0,35,0
"Arkansas","Pulaski",2019,274,184,90,0,0,0,0,79,59,45,1,0,121,0,152,0
"Arkansas","Union",2019,211,174,37,0,0,0,0,98,54,35,0,0,0,0,211,0
"Arkansas","Washington",2019,273,197,76,0,0,0,0,96,58,44,0,0,150,0,123,0
"California","Alameda",2019,244,187,52,5,0,0,0,150,60,40,1,19,123,0,101,0
"California","Amador",2019,148,146,2,0,0,0,0,54,44,36,0,0,148,0,0,0
"California","Butte",2019,182,144,37,1,0,0,0,102,58,40,0,0,95,0,87,0
"California","Calaveras",2019,150,143,7,0,0,0,0,78,48,37,0,0,135,0,15,0
"California","Colusa",2019,266,244,22,0,0,0,0,81,48,34,0,0,115,0,143,8
"California","Contra Costa",2019,244,198,41,4,1,0,0,194,58,41,1,5,176,2,60,0
"California","Del Norte",2019,12,12,0,0,0,0,0,45,43,29,0,0,0,0,12,0
"California","El Dorado",2019,151,139,12,0,0,0,0,84,48,38,0,0,142,0,0,9
"California","Fresno",2019,243,119,106,18,0,0,0,140,97,51,0,2,190,0,43,8
"California","Glenn",2019,151,136,15,0,0,0,0,71,49,40,0,0,131,0,14,6
"California","Humboldt",2019,182,178,4,0,0,0,0,64,40,30,1,0,141,0,18,22
"California","Imperial",2019,233,128,100,4,1,0,0,185,77,48,0,0,94,0,110,29
"California","Inyo",2019,273,165,101,5,1,1,0,247,84,48,0,0,209,0,6,58
"California","Kern",2019,273,189,70,12,2,0,0,166,67,44,0,1,80,0,153,39
"California","Kings",2019,273,149,113,11,0,0,0,130,87,49,0,0,184,0,47,42
"California","Lake",2019,33,33,0,0,0,0,0,33,22,8,0,0,0,0,21,12
"California","Los Angeles",2019,182,56,110,13,3,0,0,200,100,58,1,19,97,0,63,2
"California","Madera",2019,72,72,0,0,0,0,0,42,37,29,0,5,51,0,16,0
"California","Marin",2019,243,229,13,1,0,0,0,133,46,34,1,5,157,0,80,0
"California","Mariposa",2019,243,166,77,0,0,0,0,100,67,46,0,0,221,0,22,0
"California","Mendocino",2019,181,169,12,0,0,0,0,75,46,35,0,0,128,0,45,8
"California","Merced",2019,82,75,6,1,0,0,0,116,46,30,0,0,0,0,74,8
"California","Mono",2019,181,124,45,5,0,0,7,3852,93,28,0,0,0,0,140,41
"California","Monterey",2019,274,251,22,1,0,0,0,144,48,36,1,0,225,0,47,1
"California","Napa",2019,244,224,18,2,0,0,0,119,48,35,1,0,179,0,64,0
"California","Nevada",2019,271,195,71,5,0,0,0,122,71,45,0,0,252,0,19,0
"California","Orange",2019,182,139,40,3,0,0,0,122,67,44,1,8,150,0,22,1
"California","Placer",2019,218,136,76,6,0,0,0,129,77,47,0,0,193,0,25,0
"California","Plumas",2019,226,188,34,4,0,0,0,138,66,22,0,0,0,0,226,0
"California","Riverside",2019,304,80,143,67,14,0,0,185,133,73,0,0,204,0,38,62
"California","Sacramento",2019,243,178,59,6,0,0,0,122,76,40,0,1,125,0,117,0
"California","San Benito",2019,273,251,22,0,0,0,0,90,48,38,0,0,265,0,8,0
"California","San Bernardino",2019,243,54,135,47,7,0,0,192,129,70,0,9,189,0,44,1
"California","San Diego",2019,181,82,97,2,0,0,0,101,70,52,0,0,64,0,117,0
"California","San Francisco",2019,244,212,31,1,0,0,0,108,52,36,1,11,132,0,100,0
"California","San Joaquin",2019,169,137,26,6,0,0,0,137,65,36,1,4,92,0,55,17
"California","San Luis Obispo",2019,181,135,46,0,0,0,0,87,65,44,0,0,147,0,15,19
"California","San Mateo",2019,244,223,19,2,0,0,0,122,47,36,1,5,155,0,83,0
"California","Santa Barbara",2019,213,191,22,0,0,0,0,93,51,42,1,0,183,0,27,2
"California","Santa Clara",2019,244,193,47,4,0,0,0,136,58,41,1,2,158,0,83,0
"California","Santa Cruz",2019,273,263,10,0,0,0,0,70,45,35,0,0,211,0,62,0
"California","Shasta",2019,242,213,29,0,0,0,0,77,51,43,0,0,236,0,5,1
"California","Siskiyou",2019,181,167,14,0,0,0,0,77,49,38,0,0,143,0,38,0
"California","Solano",2019,273,225,47,1,0,0,0,119,58,39,0,1,199,0,73,0
"California","Sonoma",2019,244,233,10,0,1,0,0,154,45,35,1,1,175,0,67,0
"California","Stanislaus",2019,168,135,27,6,0,0,0,120,71,38,1,0,88,0,63,16
"California","Sutter",2019,236,195,39,2,0,0,0,110,58,37,0,0,92,0,144,0
"California","Tehama",2019,192,165,27,0,0,0,0,80,54,37,0,0,180,0,0,12
"California","Trinity",2019,53,50,2,1,0,0,0,113,36,15,0,0,0,0,53,0
"California","Tulare",2019,242,98,91,53,0,0,0,150,126,56,0,1,186,0,54,1
"California","Tuolumne",2019,150,142,8,0,0,0,0,71,48,39,0,0,150,0,0,0
"California","Ventura",2019,243,146,94,3,0,0,0,112,77,45,0,0,199,0,43,1
"California","Yolo",2019,272,223,49,0,0,0,0,90,61,40,0,0,245,0,27,0
"Colorado","Adams",2019,244,159,84,1,0,0,0,132,64,47,2,32,137,0,51,22
"Colorado","Arapahoe",2019,243,127,110,6,0,0,0,140,84,50,0,0,235,0,8,0
"Colorado","Archuleta",2019,180,163,16,0,0,0,1,394,50,23,0,2,61,2,0,115
"Colorado","Boulder",2019,243,136,102,5,0,0,0,119,80,49,0,0,195,0,47,1
"Colorado","Clear Creek",2019,191,125,65,1,0,0,0,112,71,48,0,0,191,0,0,0
"Colorado","Delta",2019,90,85,5,0,0,0,0,67,48,39,0,0,83,0,7,0
"Colorado","Denver",2019,244,114,127,2,1,0,0,153,76,51,1,55,129,1,58,0
"Colorado","Douglas",2019,241,137,94,9,1,0,0,154,84,49,0,0,202,0,39,0
"Colorado","El Paso",2019,244,151,93,0,0,0,0,100,71,48,1,0,229,0,12,2
"Colorado","Fremont",2019,18,18,0,0,0,0,0,29,23,11,0,0,0,0,0,18
"Colorado","Garfield",2019,263,243,20,0,0,0,0,74,50,43,0,0,262,0,1,0
"Colorado","Gilpin",2019,23,14,8,1,0,0,0,115,80,50,0,0,23,0,0,0
"Colorado","Gunnison",2019,208,138,69,1,0,0,0,101,67,48,0,0,208,0,0,0
"Colorado","Jefferson",2019,243,134,94,15,0,0,0,129,90,49,0,0,243,0,0,0
"Colorado","La Plata",2019,212,156,56,0,0,0,0,87,61,46,0,9,174,0,29,0
"Colorado","Larimer",2019,244,110,129,5,0,0,0,129,80,51,1,0,218,0,25,0
"Colorado","Mesa",2019,271,199,72,0,0,0,0,87,61,46,2,0,242,0,26,1
"Colorado","Montezuma",2019,273,195,78,0,0,0,0,97,61,47,0,0,273,0,0,0
"Colorado","Pitkin",2019,55,55,0,0,0,0,0,24,19,8,0,0,0,0,0,55
"Colorado","Prowers",2019,169,166,3,0,0,0,0,76,23,12,0,0,0,0,0,169
"Colorado","Pueblo",2019,76,76,0,0,0,0,0,35,29,19,0,0,0,0,50,26
"Colorado","Rio Blanco",2019,243,192,51,0,0,0,0,100,58,46,0,0,228,0,15,0
"Colorado","Routt",2019,173,171,2,0,0,0,0,60,32,12,0,0,0,0,0,173
"Colorado","San Miguel",2019,55,54,1,0,0,0,0,54,23,9,0,0,0,0,0,55
"Colorado","Weld",2019,244,168,74,2,0,0,0,125,67,45,1,0,180,0,63,0
"Connecticut","Fairfield",2019,182,138,38,6,0,0,0,119,64,43,1,6,101,0,74,0
"Connecticut","Hartford",2019,182,157,25,0,0,0,0,91,52,41,1,10,125,0,45,1
"Connecticut","Litchfield",2019,182,175,7,0,0,0,0,90,48,40,1,0,178,0,3,0
"Connecticut","Middlesex",2019,114,106,8,0,0,0,0,67,50,41,0,0,114,0,0,0
"Connecticut","New Haven",2019,182,149,30,3,0,0,0,147,55,41,1,5,125,0,49,2
"Connecticut","New London",2019,181,166,14,1,0,0,0,129,48,39,0,0,115,0,66,0
"Connecticut","Tolland",2019,121,111,10,0,0,0,0,100,50,44,0,0,121,0,0,0
"Connecticut","Windham",2019,209,197,12,0,0,0,0,97,48,39,0,0,209,0,0,0
"Country Of Mexico","BAJA CALIFORNIA NORTE",2019,22,4,13,5,0,0,0,127,112,68,0,0,0,0,0,22
"Country Of Mexico","SONORA",2019,266,200,61,5,0,0,0,126,71,44,0,0,266,0,0,0
"Delaware","Kent",2019,273,215,58,0,0,0,0,83,58,43,0,0,227,0,46,0
"Delaware","New Castle",2019,274,189,82,3,0,0,0,136,70,44,1,4,215,0,54,0
"Delaware","Sussex",2019,273,221,52,0,0,0,0,93,61,43,0,0,228,0,45,0
"District Of Columbia","District of Columbia",2019,274,171,98,4,1,0,0,157,77,47,1,21,182,0,70,0
"Florida","Alachua",2019,181,150,31,0,0,0,0,80,58,38,0,0,144,0,37,0
"Florida","Baker",2019,180,160,20,0,0,0,0,77,51,37,0,0,180,0,0,0
"Florida","Bay",2019,180,155,25,0,0,0,0,85,58,40,0,0,129,0,51,0
"Florida","Brevard",2019,179,171,8,0,0,0,0,90,48,38,0,0,175,0,4,0
"Florida","Broward",2019,182,149,33,0,0,0,0,90,56,42,1,4,94,0,83,0
"Florida","Citrus",2019,181,166,15,0,0,0,0,80,48,33,0,0,0,0,181,0
"Florida","Collier",2019,179,157,22,0,0,0,0,90,51,39,0,0,115,0,64,0
"Florida","Columbia",2019,180,135,45,0,0,0,0,90,64,42,0,0,124,0,56,0
"Florida","Duval",2019,182,124,58,0,0,0,0,97,67,45,1,0,100,0,81,0
"Florida","Escambia",2019,181,150,30,1,0,0,0,101,54,39,0,0,169,0,12,0
"Florida","Flagler",2019,173,168,5,0,0,0,0,74,48,35,0,0,173,0,0,0
"Florida","Hamilton",2019,179,156,23,0,0,0,0,77,53,33,0,0,0,20,159,0
"Florida","Highlands",2019,147,138,9,0,0,0,0,84,49,38,0,0,147,0,0,0
"Florida","Hillsborough",2019,182,128,49,5,0,0,0,126,73,44,1,0,100,1,80,0
"Florida","Holmes",2019,178,139,39,0,0,0,0,84,61,42,0,0,114,0,64,0
"Florida","Indian River",2019,203,192,11,0,0,0,0,90,49,37,0,0,203,0,0,0
"Florida","Lake",2019,155,129,25,1,0,0,0,101,61,40,0,0,155,0,0,0
"Florida","Lee",2019,181,151,29,1,0,0,0,108,58,39,0,0,152,0,27,2
"Florida","Leon",2019,179,123,55,1,0,0,0,119,67,43,0,0,91,0,88,0
"Florida","Liberty",2019,200,188,12,0,0,0,0,74,48,35,0,0,200,0,0,0
"Florida","Manatee",2019,181,154,25,2,0,0,0,108,61,39,0,0,181,0,0,0
"Florida","Marion",2019,181,147,34,0,0,0,0,87,58,42,0,0,119,0,62,0
"Florida","Martin",2019,180,159,21,0,0,0,0,84,52,40,0,0,135,0,45,0
"Florida","Miami-Dade",2019,182,153,27,2,0,0,0,146,54,40,1,15,84,0,82,0
"Florida","Nassau",2019,180,164,16,0,0,0,0,71,48,30,0,0,0,46,134,0
"Florida","Okaloosa",2019,179,157,22,0,0,0,0,84,54,37,0,0,165,0,0,14
"Florida","Orange",2019,182,156,26,0,0,0,0,90,58,39,1,0,158,0,23,0
"Florida","Osceola",2019,181,158,19,4,0,0,0,122,54,37,0,0,181,0,0,0
"Florida","Palm Beach",2019,181,163,18,0,0,0,0,93,50,38,0,0,122,0,59,0
"Florida","Pasco",2019,181,155,26,0,0,0,0,97,58,40,0,0,181,0,0,0
"Florida","Pinellas",2019,182,135,47,0,0,0,0,100,71,43,1,0,111,0,68,2
"Florida","Polk",2019,181,148,33,0,0,0,0,100,58,40,0,0,128,0,53,0
"Florida","Putnam",2019,181,178,3,0,0,0,0,54,30,16,0,0,0,2,0,179
"Florida","Santa Rosa",2019,180,147,33,0,0,0,0,93,58,40,0,0,126,0,54,0
"Florida","Sarasota",2019,181,154,27,0,0,0,0,100,55,41,0,0,128,0,53,0
"Florida","Seminole",2019,181,153,27,1,0,0,0,110,58,40,0,0,157,0,23,1
"Florida","St. Lucie",2019,181,171,10,0,0,0,0,77,47,36,0,0,181,0,0,0
"Florida","Volusia",2019,178,156,22,0,0,0,0,80,52,39,0,0,133,0,45,0
"Florida","Wakulla",2019,179,147,32,0,0,0,0,84,58,39,1,0,128,1,49,0
"Georgia","Bibb",2019,273,208,62,3,0,0,0,137,62,40,0,0,156,0,117,0
"Georgia","Chatham",2019,273,215,58,0,0,0,0,87,59,40,0,0,143,24,106,0
"Georgia","Chattooga",2019,214,201,13,0,0,0,0,71,50,40,0,0,214,0,0,0
"Georgia","Clarke",2019,273,191,82,0,0,0,0,87,61,44,0,0,150,0,123,0
"Georgia","Clayton",2019,70,59,11,0,0,0,0,70,54,34,0,0,0,0,70,0
"Georgia","Cobb",2019,233,182,50,1,0,0,0,119,61,43,0,0,195,0,38,0
"Georgia","Coffee",2019,70,62,8,0,0,0,0,60,52,26,0,0,0,0,70,0
"Georgia","Columbia",2019,214,198,16,0,0,0,0,74,49,40,0,0,214,0,0,0
"Georgia","Dawson",2019,213,194,18,1,0,0,0,126,49,38,0,0,213,0,0,0
"Georgia","DeKalb",2019,274,183,88,2,1,0,0,159,67,45,1,15,140,0,118,0
"Georgia","Dougherty",2019,203,121,80,2,0,0,0,107,67,44,0,0,0,0,203,0
"Georgia","Douglas",2019,214,184,26,4,0,0,0,126,58,41,0,0,214,0,0,0
"Georgia","Floyd",2019,273,157,116,0,0,0,0,89,62,46,0,0,0,4,269,0
"Georgia","Fulton",2019,274,134,134,5,1,0,0,172,74,51,1,13,116,0,144,0
"Georgia","Glynn",2019,231,212,19,0,0,0,0,80,49,36,0,0,203,0,28,0
"Georgia","Gwinnett",2019,272,161,109,2,0,0,0,112,71,47,0,0,130,0,142,0
"Georgia","Hall",2019,248,181,67,0,0,0,0,88,58,38,0,0,0,0,248,0
"Georgia","Henry",2019,273,203,63,7,0,0,0,150,61,40,0,0,143,0,130,0
"Georgia","Houston",2019,256,169,85,1,1,0,0,152,61,43,0,0,0,0,256,0
"Georgia","Lowndes",2019,234,186,48,0,0,0,0,68,56,37,0,0,0,0,234,0
"Georgia","Murray",2019,212,175,37,0,0,0,0,93,54,44,0,0,212,0,0,0
"Georgia","Muscogee",2019,273,202,71,0,0,0,0,90,61,41,0,0,132,0,141,0
"Georgia","Pike",2019,201,177,24,0,0,0,0,93,51,37,0,0,201,0,0,0
"Georgia","Richmond",2019,272,170,102,0,0,0,0,87,64,47,0,0,109,14,148,1
"Georgia","Rockdale",2019,210,158,48,4,0,0,0,129,71,44,0,0,210,0,0,0
"Georgia","Sumter",2019,207,180,27,0,0,0,0,97,58,40,0,0,207,0,0,0
"Georgia","Walker",2019,236,191,45,0,0,0,0,82,54,36,0,0,0,0,236,0
"Georgia","Washington",2019,70,61,9,0,0,0,0,61,53,30,0,0,0,0,70,0
"Hawaii","Hawaii",2019,228,222,6,0,0,0,0,74,31,18,0,0,0,66,162,0
"Hawaii","Honolulu",2019,182,173,9,0,0,0,0,90,45,34,1,1,150,23,6,1
"Hawaii","Kauai",2019,181,179,2,0,0,0,0,71,29,14,0,76,0,1,104,0
"Hawaii","Maui",2019,178,177,1,0,0,0,0,53,24,14,0,0,0,0,178,0
"Idaho","Ada",2019,182,177,5,0,0,0,0,77,47,37,1,2,149,0,30,0
"Idaho","Bannock",2019,273,259,14,0,0,0,0,59,44,24,0,0,0,89,106,78
"Idaho","Benewah",2019,181,128,47,5,1,0,0,152,68,38,0,0,0,0,181,0
"Idaho","Blaine",2019,163,163,0,0,0,0,0,41,24,14,0,0,0,0,163,0
"Idaho","Boise",2019,181,147,34,0,0,0,0,88,60,30,0,0,0,0,181,0
"Idaho","Bonner",2019,181,178,3,0,0,0,0,62,31,14,0,0,0,0,105,76
"Idaho","Bonneville",2019,181,172,9,0,0,0,0,57,44,30,0,0,0,0,181,0
"Idaho","Butte",2019,242,229,13,0,0,0,0,71,50,43,0,0,242,0,0,0
"Idaho","Canyon",2019,181,172,9,0,0,0,0,55,40,20,0,0,0,0,142,39
"Idaho","Caribou",2019,179,176,1,2,0,0,0,108,23,4,0,0,0,179,0,0
"Idaho","Franklin",2019,180,165,14,1,0,0,0,107,45,14,0,0,0,0,180,0
"Idaho","Idaho",2019,273,240,33,0,0,0,0,73,52,38,0,0,151,0,122,0
"Idaho","Jerome",2019,242,242,0,0,0,0,0,48,25,15,0,0,0,0,242,0
"Idaho","Kootenai",2019,180,173,7,0,0,0,0,75,38,21,0,0,0,0,180,0
"Idaho","Latah",2019,173,173,0,0,0,0,0,37,18,8,0,0,0,0,173,0
"Idaho","Lemhi",2019,181,145,34,2,0,0,0,133,63,18,0,0,0,0,181,0
"Idaho","Nez Perce",2019,253,237,16,0,0,0,0,85,42,18,0,0,0,0,253,0
"Idaho","Shoshone",2019,181,147,34,0,0,0,0,99,58,27,0,0,0,0,175,6
"Idaho","Twin Falls",2019,181,180,1,0,0,0,0,56,27,17,0,0,0,0,181,0
"Idaho","Valley",2019,174,152,22,0,0,0,0,91,54,15,0,0,0,0,174,0
"Illinois","Adams",2019,180,148,32,0,0,0,0,93,58,44,0,0,180,0,0,0
"Illinois","Champaign",2019,243,183,60,0,0,0,0,93,61,44,0,0,173,0,70,0
"Illinois","Clark",2019,235,222,13,0,0,0,0,74,48,37,0,0,235,0,0,0
"Illinois","Cook",2019,244,96,139,9,0,0,0,133,80,54,1,15,80,0,143,5
"Illinois","DuPage",2019,231,170,58,2,1,0,0,174,62,44,0,0,145,0,86,0
"Illinois","Effingham",2019,184,164,20,0,0,0,0,84,51,42,0,0,184,0,0,0
"Illinois","Hamilton",2019,223,169,53,1,0,0,0,105,58,44,0,0,155,0,68,0
"Illinois","Jersey",2019,241,196,44,1,0,0,0,112,58,44,0,0,153,0,88,0
"Illinois","Jo Daviess",2019,211,200,11,0,0,0,0,74,48,39,0,0,211,0,0,0
"Illinois","Kane",2019,203,159,40,4,0,0,0,112,67,42,0,0,174,0,29,0
"Illinois","La Salle",2019,213,212,1,0,0,0,0,60,4,0,0,0,0,213,0,0
"Illinois","Lake",2019,184,151,31,2,0,0,0,115,61,41,0,0,184,0,0,0
"Illinois","Macon",2019,243,169,74,0,0,0,0,93,61,44,0,0,125,11,107,0
"Illinois","Macoupin",2019,243,228,15,0,0,0,0,87,48,38,0,51,184,8,0,0
"Illinois","Madison",2019,243,127,113,1,2,0,0,156,73,49,0,0,148,0,93,2
"Illinois","McHenry",2019,226,153,71,2,0,0,0,126,66,44,0,0,125,0,101,0
"Illinois","McLean",2019,243,165,78,0,0,0,0,100,64,45,0,0,138,0,105,0
"Illinois","Monroe",2019,122,122,0,0,0,0,0,33,6,1,0,0,0,122,0,0
"Illinois","Peoria",2019,243,182,59,2,0,0,0,101,61,43,0,0,157,0,86,0
"Illinois","Randolph",2019,233,189,44,0,0,0,0,71,54,42,0,0,148,0,85,0
"Illinois","Rock Island",2019,240,181,57,2,0,0,0,115,62,44,0,0,148,0,92,0
"Illinois","Saint Clair",2019,244,166,77,1,0,0,0,108,63,45,2,9,131,0,102,0
"Illinois","Sangamon",2019,239,189,50,0,0,0,0,87,59,42,0,0,147,0,92,0
"Illinois","Tazewell",2019,230,230,0,0,0,0,0,36,9,3,0,0,0,230,0,0
"Illinois","Wabash",2019,180,177,3,0,0,0,0,82,14,1,0,0,0,180,0,0
"Illinois","Will",2019,243,175,68,0,0,0,0,84,61,44,0,0,119,0,124,0
"Illinois","Winnebago",2019,236,168,67,1,0,0,0,102,62,43,0,0,110,0,126,0
"Indiana","Allen",2019,243,166,77,0,0,0,0,97,65,45,0,0,156,0,87,0
"Indiana","Bartholomew",2019,242,193,49,0,0,0,0,77,54,43,0,0,189,0,53,0
"Indiana","Boone",2019,259,228,31,0,0,0,0,90,54,39,0,0,259,0,0,0
"Indiana","Brown",2019,243,228,15,0,0,0,0,74,48,38,0,0,243,0,0,0
"Indiana","Carroll",2019,272,247,25,0,0,0,0,84,50,39,0,0,272,0,0,0
"Indiana","Clark",2019,253,212,40,1,0,0,0,101,55,41,0,0,199,0,54,0
"Indiana","Daviess",2019,176,176,0,0,0,0,0,14,6,1,0,0,0,176,0,0
"Indiana","Delaware",2019,264,237,27,0,0,0,0,71,51,37,0,0,231,0,33,0
"Indiana","Dubois",2019,91,76,15,0,0,0,0,70,54,33,0,0,0,0,90,1
"Indiana","Elkhart",2019,240,206,34,0,0,0,0,78,54,38,0,0,191,0,49,0
"Indiana","Floyd",2019,241,219,22,0,0,0,0,87,50,37,0,0,240,1,0,0
"Indiana","Gibson",2019,179,175,4,0,0,0,0,84,24,3,0,0,0,179,0,0
"Indiana","Greene",2019,246,215,31,0,0,0,0,87,54,41,0,0,218,0,28,0
"Indiana","Hamilton",2019,251,179,71,1,0,0,0,105,62,43,0,0,162,0,89,0
"Indiana","Hendricks",2019,269,256,13,0,0,0,0,93,48,37,0,0,269,0,0,0
"Indiana","Henry",2019,91,82,9,0,0,0,0,63,50,29,0,0,0,0,91,0
"Indiana","Howard",2019,240,192,47,1,0,0,0,108,58,42,0,0,186,0,54,0
"Indiana","Huntington",2019,234,224,10,0,0,0,0,84,46,35,0,0,234,0,0,0
"Indiana","Jackson",2019,238,221,17,0,0,0,0,80,48,37,0,0,238,0,0,0
"Indiana","Knox",2019,209,186,23,0,0,0,0,80,51,39,0,0,209,0,0,0
"Indiana","LaPorte",2019,252,204,44,4,0,0,0,126,64,40,0,0,225,0,27,0
"Indiana","Lake",2019,274,179,94,1,0,0,0,101,64,44,21,3,122,2,122,4
"Indiana","Madison",2019,272,214,57,1,0,0,0,101,58,43,0,0,204,0,68,0
"Indiana","Marion",2019,274,135,137,2,0,0,0,112,71,51,1,0,123,0,150,0
"Indiana","Monroe",2019,223,202,21,0,0,0,0,69,50,27,0,0,0,0,223,0
"Indiana","Morgan",2019,242,220,22,0,0,0,0,87,50,39,0,0,236,6,0,0
"Indiana","Perry",2019,236,208,28,0,0,0,0,80,51,40,0,0,236,0,0,0
"Indiana","Pike",2019,175,175,0,0,0,0,0,19,4,1,0,0,0,175,0,0
"Indiana","Porter",2019,243,173,66,4,0,0,0,115,64,43,0,0,171,11,50,11
"Indiana","Posey",2019,243,223,20,0,0,0,0,80,50,38,0,0,243,0,0,0
"Indiana","Shelby",2019,273,246,27,0,0,0,0,84,50,40,0,0,273,0,0,0
"Indiana","Spencer",2019,87,75,12,0,0,0,0,72,53,32,0,0,0,0,87,0
"Indiana","St. Joseph",2019,251,187,64,0,0,0,0,100,62,44,0,1,159,0,91,0
"Indiana","Sullivan",2019,87,74,13,0,0,0,0,78,52,33,0,0,0,0,87,0
"Indiana","Tippecanoe",2019,202,170,32,0,0,0,0,75,54,33,0,0,0,0,202,0
"Indiana","Vanderburgh",2019,274,226,48,0,0,0,0,90,54,41,21,1,168,0,84,0
"Indiana","Vigo",2019,273,191,82,0,0,0,0,93,64,44,0,0,183,0,90,0
"Indiana","Wabash",2019,200,174,26,0,0,0,0,97,54,40,0,0,200,0,0,0
"Indiana","Warrick",2019,243,217,26,0,0,0,0,93,51,39,0,0,243,0,0,0
"Indiana","Whitley",2019,225,200,25,0,0,0,0,90,51,28,0,0,0,0,225,0
"Iowa","Black Hawk",2019,271,223,48,0,0,0,0,83,57,30,0,0,0,0,271,0
"Iowa","Bremer",2019,212,197,15,0,0,0,0,90,47,39,0,0,212,0,0,0
"Iowa","Cerro Gordo",2019,89,89,0,0,0,0,0,38,27,15,0,0,0,0,0,89
"Iowa","Clinton",2019,272,201,71,0,0,0,0,89,61,43,0,0,140,0,132,0
"Iowa","Harrison",2019,210,191,19,0,0,0,0,97,50,40,0,0,210,0,0,0
"Iowa","Johnson",2019,272,214,58,0,0,0,0,91,59,34,0,0,0,0,272,0
"Iowa","Lee",2019,90,79,11,0,0,0,0,70,56,29,0,0,0,0,90,0
"Iowa","Linn",2019,304,247,57,0,0,0,0,80,58,39,0,0,175,3,126,0
"Iowa","Montgomery",2019,273,225,48,0,0,0,0,77,54,39,0,0,174,0,99,0
"Iowa","Muscatine",2019,273,226,47,0,0,0,0,92,56,32,0,0,0,8,264,1
"Iowa","Palo Alto",2019,272,217,55,0,0,0,0,93,57,41,0,0,165,0,107,0
"Iowa","Polk",2019,305,251,53,0,0,1,0,268,57,40,1,33,200,0,71,0
"Iowa","Pottawattamie",2019,96,79,17,0,0,0,0,70,54,31,0,0,0,0,85,11
"Iowa","Scott",2019,274,170,102,2,0,0,0,112,67,44,1,0,113,0,106,54
"Iowa","Van Buren",2019,271,230,41,0,0,0,0,97,54,39,0,1,170,0,99,1
"Iowa","Woodbury",2019,88,76,12,0,0,0,0,81,54,30,0,0,0,0,88,0
"Kansas","Ford",2019,121,119,2,0,0,0,0,54,27,12,0,0,0,0,0,121
"Kansas","Johnson",2019,178,162,16,0,0,0,0,77,49,40,0,0,133,0,45,0
"Kansas","Leavenworth",2019,179,171,8,0,0,0,0,77,46,37,0,0,179,0,0,0
"Kansas","Neosho",2019,181,134,46,1,0,0,0,119,61,43,0,0,98,0,82,1
"Kansas","Sedgwick",2019,181,154,27,0,0,0,0,95,58,40,0,4,143,0,31,3
"Kansas","Shawnee",2019,181,139,41,0,1,0,0,158,62,43,0,0,101,0,80,0
"Kansas","Sherman",2019,174,174,0,0,0,0,0,43,20,9,0,0,0,0,0,174
"Kansas","Sumner",2019,181,159,22,0,0,0,0,74,54,40,0,3,157,0,18,3
"Kansas","Trego",2019,180,169,11,0,0,0,0,99,48,36,0,0,128,0,52,0
"Kansas","Wyandotte",2019,181,154,26,1,0,0,0,137,55,41,0,6,115,0,60,0
"Kentucky","Bell",2019,56,50,6,0,0,0,0,65,54,40,0,0,31,0,25,0
"Kentucky","Boone",2019,31,30,1,0,0,0,0,54,44,38,0,0,31,0,0,0
"Kentucky","Boyd",2019,121,108,13,0,0,0,0,66,51,34,0,8,25,0,84,4
"Kentucky","Bullitt",2019,30,29,1,0,0,0,0,58,47,39,0,0,30,0,0,0
"Kentucky","Campbell",2019,117,102,15,0,0,0,0,69,55,36,0,21,17,0,79,0
"Kentucky","Carter",2019,80,76,4,0,0,0,0,52,48,32,0,0,29,0,51,0
"Kentucky","Christian",2019,76,69,7,0,0,0,0,72,49,38,0,0,29,0,47,0
"Kentucky","Daviess",2019,119,92,26,0,1,0,0,156,58,38,0,0,20,2,97,0
"Kentucky","Edmonson",2019,244,218,26,0,0,0,0,77,51,41,2,0,217,0,25,0
"Kentucky","Fayette",2019,120,105,15,0,0,0,0,67,52,40,0,5,20,0,95,0
"Kentucky","Greenup",2019,87,87,0,0,0,0,0,49,42,1,0,0,31,56,0,0
"Kentucky","Hancock",2019,31,31,0,0,0,0,0,48,46,40,0,0,31,0,0,0
"Kentucky","Hardin",2019,118,108,10,0,0,0,0,61,47,33,0,0,16,0,102,0
"Kentucky","Henderson",2019,90,62,24,4,0,0,0,120,68,33,0,0,0,44,46,0
"Kentucky","Jefferson",2019,182,102,80,0,0,0,0,93,64,49,1,5,75,0,101,0
"Kentucky","Jessamine",2019,89,89,0,0,0,0,0,48,45,0,0,0,31,58,0,0
"Kentucky","Livingston",2019,56,55,1,0,0,0,0,58,46,33,0,0,31,0,0,25
"Kentucky","McCracken",2019,119,96,23,0,0,0,0,66,57,39,0,2,19,0,96,2
"Kentucky","Morgan",2019,208,195,13,0,0,0,0,80,49,38,0,0,208,0,0,0
"Kentucky","Oldham",2019,31,30,1,0,0,0,0,51,45,39,0,0,31,0,0,0
"Kentucky","Perry",2019,93,79,14,0,0,0,0,77,55,37,0,0,25,0,68,0
"Kentucky","Pike",2019,120,113,7,0,0,0,0,62,48,32,0,0,24,0,96,0
"Kentucky","Pulaski",2019,80,77,3,0,0,0,0,63,48,37,0,0,29,0,51,0
"Kentucky","Simpson",2019,31,29,2,0,0,0,0,58,47,40,0,0,31,0,0,0
"Kentucky","Trigg",2019,202,183,19,0,0,0,0,74,50,39,0,0,202,0,0,0
"Kentucky","Warren",2019,114,94,20,0,0,0,0,73,53,35,0,0,17,0,97,0
"Kentucky","Washington",2019,211,194,17,0,0,0,0,71,50,40,0,0,211,0,0,0
"Louisiana","Ascension",2019,271,231,39,1,0,0,0,101,58,34,0,6,265,0,0,0
"Louisiana","Bossier",2019,268,240,28,0,0,0,0,84,51,35,0,0,187,0,77,4
"Louisiana","Caddo",2019,265,232,33,0,0,0,0,80,51,37,0,0,230,0,35,0
"Louisiana","Calcasieu",2019,273,171,102,0,0,0,0,90,64,46,0,1,103,1,168,0
"Louisiana","East Baton Rouge",2019,274,204,68,2,0,0,0,108,71,42,1,7,154,1,111,0
"Louisiana","Iberville",2019,273,231,39,3,0,0,0,115,58,37,0,0,255,0,18,0
"Louisiana","Jefferson",2019,273,231,42,0,0,0,0,84,56,39,0,4,216,0,53,0
"Louisiana","Lafayette",2019,273,215,58,0,0,0,0,84,59,42,0,0,154,0,119,0
"Louisiana","Lafourche",2019,269,197,70,2,0,0,0,126,60,43,0,0,119,0,150,0
"Louisiana","Livingston",2019,273,209,64,0,0,0,0,97,60,42,0,0,139,0,134,0
"Louisiana","Orleans",2019,274,249,25,0,0,0,0,89,47,30,1,75,0,0,192,6
"Louisiana","Ouachita",2019,271,251,20,0,0,0,0,71,49,36,0,0,256,0,15,0
"Louisiana","Pointe Coupee",2019,259,232,24,3,0,0,0,112,51,34,0,0,259,0,0,0
"Louisiana","Rapides",2019,58,54,4,0,0,0,0,71,46,29,0,0,0,0,58,0
"Louisiana","St. Bernard",2019,273,182,91,0,0,0,0,87,61,44,0,0,114,9,149,1
"Louisiana","St. Charles",2019,273,268,5,0,0,0,0,76,19,3,0,0,0,273,0,0
"Louisiana","St. James",2019,273,258,15,0,0,0,0,97,47,30,0,0,267,6,0,0
"Louisiana","St. John the Baptist",2019,273,244,29,0,0,0,0,93,51,34,0,0,273,0,0,0
"Louisiana","St. Martin",2019,264,248,16,0,0,0,0,80,48,34,0,0,264,0,0,0
"Louisiana","St. Tammany",2019,273,227,46,0,0,0,0,84,58,38,0,0,177,0,96,0
"Louisiana","Tangipahoa",2019,60,55,5,0,0,0,0,63,47,30,0,0,0,0,60,0
"Louisiana","Terrebonne",2019,60,56,4,0,0,0,0,70,46,28,0,0,0,0,60,0
"Louisiana","West Baton Rouge",2019,273,227,46,0,0,0,0,84,58,37,0,8,183,2,80,0
"Maine","Androscoggin",2019,273,261,12,0,0,0,0,68,44,33,0,0,199,0,72,2
"Maine","Aroostook",2019,273,257,14,1,1,0,0,174,47,35,0,0,164,0,109,0
"Maine","Cumberland",2019,305,264,41,0,0,0,0,100,54,40,1,0,140,0,161,3
"Maine","Hancock",2019,305,287,17,1,0,0,0,105,49,38,2,0,288,0,15,0
"Maine","Kennebec",2019,270,266,4,0,0,0,0,64,45,33,0,50,210,0,10,0
"Maine","Knox",2019,212,203,9,0,0,0,0,84,47,37,0,0,212,0,0,0
"Maine","Oxford",2019,273,264,9,0,0,0,0,68,45,32,0,0,175,0,98,0
"Maine","Penobscot",2019,304,294,10,0,0,0,0,86,45,33,0,0,208,0,92,4
"Maine","Washington",2019,274,271,3,0,0,0,0,71,46,36,0,0,274,0,0,0
"Maine","York",2019,224,209,14,1,0,0,0,115,48,39,0,0,224,0,0,0
"Maryland","Allegany",2019,181,148,21,11,1,0,0,152,76,7,0,0,0,181,0,0
"Maryland","Anne Arundel",2019,294,209,78,7,0,0,0,143,74,44,0,0,242,43,0,9
"Maryland","Baltimore",2019,303,233,66,4,0,0,0,150,67,43,0,9,245,1,48,0
"Maryland","Baltimore (City)",2019,266,213,51,2,0,0,0,126,58,40,0,13,100,0,153,0
"Maryland","Calvert",2019,120,111,9,0,0,0,0,67,50,41,0,0,120,0,0,0
"Maryland","Carroll",2019,119,102,17,0,0,0,0,84,54,43,0,0,119,0,0,0
"Maryland","Cecil",2019,304,242,59,3,0,0,0,150,58,42,0,0,230,0,74,0
"Maryland","Charles",2019,99,88,11,0,0,0,0,71,51,42,0,0,99,0,0,0
"Maryland","Dorchester",2019,273,231,40,2,0,0,0,101,54,41,0,0,196,0,77,0
"Maryland","Frederick",2019,122,106,16,0,0,0,0,84,51,44,0,0,122,0,0,0
"Maryland","Garrett",2019,274,255,19,0,0,0,0,71,49,39,1,0,191,0,82,0
"Maryland","Harford",2019,304,221,74,9,0,0,0,133,72,44,0,0,234,0,70,0
"Maryland","Howard",2019,273,242,31,0,0,0,0,76,51,31,0,93,0,0,180,0
"Maryland","Kent",2019,269,233,36,0,0,0,0,93,53,38,0,0,116,0,153,0
"Maryland","Montgomery",2019,304,267,37,0,0,0,0,84,51,40,0,0,224,0,80,0
"Maryland","Prince George's",2019,304,220,79,5,0,0,0,122,67,44,0,1,261,0,42,0
"Maryland","Washington",2019,302,268,34,0,0,0,0,81,52,41,0,0,219,0,83,0
"Massachusetts","Barnstable",2019,236,226,10,0,0,0,0,93,47,39,0,0,236,0,0,0
"Massachusetts","Berkshire",2019,243,211,32,0,0,0,0,87,52,40,0,0,175,0,68,0
"Massachusetts","Bristol",2019,243,216,27,0,0,0,0,97,51,42,0,0,225,0,18,0
"Massachusetts","Dukes",2019,226,206,16,4,0,0,0,126,50,42,0,0,226,0,0,0
"Massachusetts","Essex",2019,243,213,29,1,0,0,0,122,51,40,0,4,201,0,38,0
"Massachusetts","Franklin",2019,243,220,23,0,0,0,0,87,50,39,0,0,187,0,56,0
"Massachusetts","Hampden",2019,243,205,38,0,0,0,0,93,53,41,0,5,176,0,62,0
"Massachusetts","Hampshire",2019,243,221,22,0,0,0,0,93,50,40,0,1,201,0,41,0
"Massachusetts","Middlesex",2019,243,221,22,0,0,0,0,80,50,40,0,10,181,0,52,0
"Massachusetts","Norfolk",2019,241,233,8,0,0,0,0,100,46,37,0,8,233,0,0,0
"Massachusetts","Plymouth",2019,242,223,19,0,0,0,0,90,48,39,0,0,199,0,43,0
"Massachusetts","Suffolk",2019,244,202,42,0,0,0,0,87,54,39,1,29,114,0,100,0
"Massachusetts","Worcester",2019,244,205,39,0,0,0,0,93,54,43,1,7,154,0,82,0
"Michigan","Allegan",2019,138,117,21,0,0,0,0,97,54,40,0,0,119,0,19,0
"Michigan","Bay",2019,179,170,9,0,0,0,0,83,44,25,0,0,0,0,179,0
"Michigan","Benzie",2019,131,122,9,0,0,0,0,93,48,39,0,0,131,0,0,0
"Michigan","Berrien",2019,260,232,26,2,0,0,0,112,51,39,0,0,260,0,0,0
"Michigan","Cass",2019,132,116,16,0,0,0,0,90,54,42,0,0,132,0,0,0
"Michigan","Chippewa",2019,58,53,5,0,0,0,0,62,49,32,0,0,0,0,58,0
"Michigan","Clinton",2019,125,123,2,0,0,0,0,61,47,38,0,0,125,0,0,0
"Michigan","Genesee",2019,156,127,29,0,0,0,0,74,56,42,0,0,92,0,64,0
"Michigan","Huron",2019,136,133,3,0,0,0,0,74,45,39,0,0,136,0,0,0
"Michigan","Ingham",2019,181,167,14,0,0,0,0,75,48,37,0,8,122,0,51,0
"Michigan","Kalamazoo",2019,149,129,20,0,0,0,0,85,54,41,0,0,116,0,33,0
"Michigan","Kent",2019,182,161,21,0,0,0,0,87,51,38,3,0,158,0,20,1
"Michigan","Lenawee",2019,181,145,36,0,0,0,0,90,57,40,0,0,94,0,87,0
"Michigan","Macomb",2019,149,133,16,0,0,0,0,93,51,39,0,0,126,0,23,0
"Michigan","Manistee",2019,142,128,13,1,0,0,0,101,50,39,0,0,123,0,19,0
"Michigan","Mason",2019,131,125,6,0,0,0,0,64,47,38,0,0,131,0,0,0
"Michigan","Missaukee",2019,179,163,16,0,0,0,0,67,50,39,0,0,155,0,24,0
"Michigan","Monroe",2019,176,174,2,0,0,0,0,76,14,1,0,0,0,151,0,25
"Michigan","Muskegon",2019,139,129,10,0,0,0,0,97,49,40,0,0,139,0,0,0
"Michigan","Oakland",2019,151,129,21,1,0,0,0,122,54,39,0,0,128,0,23,0
"Michigan","Ottawa",2019,181,150,30,1,0,0,0,113,61,40,0,35,114,6,24,2
"Michigan","Schoolcraft",2019,181,175,6,0,0,0,0,71,45,37,0,0,126,0,55,0
"Michigan","St. Clair",2019,181,148,33,0,0,0,0,93,61,39,0,0,103,54,24,0
"Michigan","Tuscola",2019,211,202,9,0,0,0,0,77,48,37,0,0,211,0,0,0
"Michigan","Washtenaw",2019,209,171,38,0,0,0,0,88,58,39,0,0,183,0,26,0
"Michigan","Wayne",2019,182,77,100,5,0,0,0,138,77,52,1,5,33,17,121,5
"Michigan","Wexford",2019,196,179,17,0,0,0,0,74,50,40,0,0,196,0,0,0
"Minnesota","Anoka",2019,181,149,31,1,0,0,0,122,58,41,3,6,124,0,48,0
"Minnesota","Becker",2019,181,160,20,1,0,0,0,105,53,35,0,0,85,0,96,0
"Minnesota","Beltrami",2019,175,161,14,0,0,0,0,71,44,24,0,0,0,0,175,0
"Minnesota","Carlton",2019,181,175,6,0,0,0,0,80,46,31,0,0,112,0,69,0
"Minnesota","Cass",2019,173,161,12,0,0,0,0,70,42,16,0,0,0,0,173,0
"Minnesota","Cook",2019,175,175,0,0,0,0,0,47,29,18,0,0,0,0,175,0
"Minnesota","Crow Wing",2019,180,163,16,1,0,0,0,101,50,31,0,0,82,0,98,0
"Minnesota","Dakota",2019,182,149,33,0,0,0,0,76,56,30,1,34,0,0,147,0
"Minnesota","Goodhue",2019,121,108,13,0,0,0,0,97,51,42,0,0,121,0,0,0
"Minnesota","Hennepin",2019,182,118,64,0,0,0,0,84,66,43,1,8,44,0,77,52
"Minnesota","Lake",2019,180,170,10,0,0,0,0,71,47,32,0,0,96,0,41,43
"Minnesota","Lyon",2019,179,152,27,0,0,0,0,85,57,37,0,0,85,0,94,0
"Minnesota","Mille Lacs",2019,122,114,8,0,0,0,0,90,48,38,0,0,122,0,0,0
"Minnesota","Olmsted",2019,181,145,36,0,0,0,0,84,59,40,0,0,85,0,96,0
"Minnesota","Ramsey",2019,181,143,38,0,0,0,0,90,60,31,0,0,0,0,168,13
"Minnesota","Saint Louis",2019,236,220,16,0,0,0,0,84,47,35,0,0,206,0,27,3
"Minnesota","Scott",2019,181,146,35,0,0,0,0,93,57,40,0,0,125,0,56,0
"Minnesota","Stearns",2019,160,139,21,0,0,0,0,93,54,39,0,0,106,0,54,0
"Minnesota","Washington",2019,273,226,47,0,0,0,0,85,58,4,0,0,48,137,81,7
"Minnesota","Wright",2019,181,153,28,0,0,0,0,90,57,41,0,0,94,0,87,0
"Mississippi","Bolivar",2019,272,207,65,0,0,0,0,80,60,43,0,0,124,0,148,0
"Mississippi","DeSoto",2019,272,224,47,1,0,0,0,136,54,39,0,0,139,0,133,0
"Mississippi","Forrest",2019,273,234,39,0,0,0,0,75,53,35,0,0,0,0,273,0
"Mississippi","Hancock",2019,273,239,34,0,0,0,0,71,54,39,0,0,162,0,111,0
"Mississippi","Harrison",2019,273,211,62,0,0,0,0,97,59,42,0,0,125,0,148,0
"Mississippi","Hinds",2019,274,206,68,0,0,0,0,100,58,43,1,0,122,0,151,0
"Mississippi","Jackson",2019,273,208,64,1,0,0,0,105,59,40,0,1,143,0,129,0
"Mississippi","Lauderdale",2019,214,201,13,0,0,0,0,77,49,37,0,0,214,0,0,0
"Mississippi","Lee",2019,211,193,18,0,0,0,0,84,50,40,0,0,211,0,0,0
"Mississippi","Yalobusha",2019,203,190,13,0,0,0,0,71,48,34,0,0,203,0,0,0
"Missouri","Andrew",2019,122,109,13,0,0,0,0,80,51,44,0,0,122,0,0,0
"Missouri","Boone",2019,122,118,4,0,0,0,0,71,48,42,0,0,122,0,0,0
"Missouri","Buchanan",2019,181,145,36,0,0,0,0,78,57,33,0,0,0,0,138,43
"Missouri","Callaway",2019,122,119,3,0,0,0,0,71,48,43,0,0,122,0,0,0
"Missouri","Cass",2019,181,152,29,0,0,0,0,93,54,43,0,0,109,0,72,0
"Missouri","Cedar",2019,169,142,27,0,0,0,0,80,54,42,0,0,103,0,66,0
"Missouri","Clay",2019,181,141,40,0,0,0,0,90,61,44,0,0,107,0,74,0
"Missouri","Clinton",2019,122,101,21,0,0,0,0,87,61,44,0,0,122,0,0,0
"Missouri","Franklin",2019,181,179,2,0,0,0,0,60,14,1,0,0,0,181,0,0
"Missouri","Greene",2019,181,160,21,0,0,0,0,77,52,42,0,0,105,0,63,13
"Missouri","Iron",2019,181,166,15,0,0,0,0,80,46,14,0,0,0,181,0,0
"Missouri","Jackson",2019,182,137,45,0,0,0,0,81,59,38,1,31,0,0,132,18
"Missouri","Jasper",2019,181,156,24,1,0,0,0,108,54,41,0,0,109,0,0,72
"Missouri","Jefferson",2019,181,147,34,0,0,0,0,77,55,42,0,0,105,5,69,2
"Missouri","Lincoln",2019,122,110,12,0,0,0,0,80,50,43,0,0,122,0,0,0
"Missouri","Monroe",2019,181,177,4,0,0,0,0,71,47,38,0,0,181,0,0,0
"Missouri","New Madrid",2019,181,13,17,64,87,0,0,200,200,149,0,0,0,181,0,0
"Missouri","Perry",2019,122,110,12,0,0,0,0,74,50,42,0,0,122,0,0,0
"Missouri","Saint Charles",2019,181,161,20,0,0,0,0,97,51,40,0,0,122,59,0,0
"Missouri","Saint Louis",2019,181,131,50,0,0,0,0,90,61,45,0,5,95,0,81,0
"Missouri","Sainte Genevieve",2019,121,117,4,0,0,0,0,58,48,41,0,0,121,0,0,0
"Missouri","St. Louis City",2019,182,101,80,1,0,0,0,105,69,49,1,5,80,0,90,6
"Montana","Cascade",2019,181,171,9,1,0,0,0,106,40,20,0,0,0,0,181,0
"Montana","Fergus",2019,181,167,14,0,0,0,0,84,49,40,0,0,171,0,10,0
"Montana","Flathead",2019,243,211,31,1,0,0,0,103,54,38,0,0,182,0,39,22
"Montana","Gallatin",2019,244,221,23,0,0,0,0,91,50,20,4,12,0,0,228,0
"Montana","Lewis and Clark",2019,212,151,59,2,0,0,0,144,73,43,1,0,118,0,93,0
"Montana","Lincoln",2019,181,113,68,0,0,0,0,95,67,36,0,0,0,0,170,11
"Montana","Missoula",2019,181,111,69,0,0,1,0,222,74,40,0,0,55,0,126,0
"Montana","Phillips",2019,181,174,7,0,0,0,0,71,47,39,0,0,156,0,24,1
"Montana","Powder River",2019,179,164,15,0,0,0,0,80,50,40,0,0,162,0,15,2
"Montana","Ravalli",2019,179,159,20,0,0,0,0,74,52,13,0,0,0,0,179,0
"Montana","Richland",2019,181,158,23,0,0,0,0,93,51,41,0,0,158,0,23,0
"Montana","Rosebud",2019,180,173,7,0,0,0,0,71,47,38,0,3,153,0,23,1
"Montana","Sanders",2019,181,176,5,0,0,0,0,60,40,25,0,0,0,0,169,12
"Montana","Silver Bow",2019,195,163,32,0,0,0,0,91,59,19,0,0,0,0,109,86
"Montana","Yellowstone",2019,178,176,2,0,0,0,0,67,33,15,0,0,0,72,106,0
"Nebraska","Cass",2019,287,287,0,0,0,0,0,46,24,12,0,0,0,0,0,287
"Nebraska","Douglas",2019,274,226,48,0,0,0,0,86,59,40,1,0,172,11,89,1
"Nebraska","Hall",2019,73,68,5,0,0,0,0,60,39,23,0,0,0,0,73,0
"Nebraska","Knox",2019,207,194,13,0,0,0,0,80,48,39,0,0,207,0,0,0
"Nebraska","Lancaster",2019,268,247,21,0,0,0,0,66,49,35,0,0,192,40,36,0
"Nebraska","Sarpy",2019,264,215,49,0,0,0,0,80,57,30,0,0,0,0,264,0
"Nebraska","Scotts Bluff",2019,84,81,3,0,0,0,0,70,35,20,0,0,0,0,84,0
"Nebraska","Washington",2019,86,78,8,0,0,0,0,75,50,26,0,0,0,0,86,0
"Nevada","Carson City",2019,181,139,42,0,0,0,0,97,61,45,0,0,137,0,44,0
"Nevada","Churchill",2019,174,157,17,0,0,0,0,80,50,42,0,0,174,0,0,0
"Nevada","Clark",2019,274,122,148,4,0,0,0,122,87,52,1,11,230,0,29,3
"Nevada","Douglas",2019,172,167,5,0,0,0,0,62,42,10,0,0,0,0,172,0
"Nevada","Elko",2019,181,180,1,0,0,0,0,61,21,9,0,0,0,0,0,181
"Nevada","Lyon",2019,198,190,8,0,0,0,0,71,47,39,0,0,169,0,0,29
"Nevada","Nye",2019,181,180,1,0,0,0,0,75,22,11,0,0,0,0,0,181
"Nevada","Washoe",2019,182,123,59,0,0,0,0,97,64,47,1,4,152,0,23,2
"Nevada","White Pine",2019,239,181,57,1,0,0,0,101,61,46,0,0,239,0,0,0
"New Hampshire","Belknap",2019,132,132,0,0,0,0,0,50,44,38,0,0,118,0,14,0
"New Hampshire","Cheshire",2019,181,172,9,0,0,0,0,68,45,38,0,0,157,0,24,0
"New Hampshire","Coos",2019,122,121,1,0,0,0,0,51,46,40,0,0,122,0,0,0
"New Hampshire","Grafton",2019,211,208,3,0,0,0,0,60,44,36,0,0,196,0,15,0
"New Hampshire","Hillsborough",2019,182,176,6,0,0,0,0,80,47,41,1,0,179,0,2,0
"New Hampshire","Merrimack",2019,181,178,3,0,0,0,0,72,44,33,0,0,117,64,0,0
"New Hampshire","Rockingham",2019,182,175,7,0,0,0,0,75,47,40,1,0,164,0,17,0
"New Jersey","Atlantic",2019,181,157,23,1,0,0,0,105,52,40,0,0,142,0,39,0
"New Jersey","Bergen",2019,182,109,71,2,0,0,0,150,68,46,1,38,48,0,95,0
"New Jersey","Camden",2019,182,126,53,3,0,0,0,105,64,44,1,8,97,0,76,0
"New Jersey","Cumberland",2019,181,155,24,2,0,0,0,105,57,41,0,1,144,0,36,0
"New Jersey","Essex",2019,182,135,47,0,0,0,0,100,61,41,1,57,77,0,47,0
"New Jersey","Gloucester",2019,140,127,13,0,0,0,0,100,50,37,0,0,117,0,23,0
"New Jersey","Hudson",2019,182,129,53,0,0,0,0,90,59,42,1,49,59,0,73,0
"New Jersey","Hunterdon",2019,178,151,26,1,0,0,0,108,56,40,0,0,141,0,37,0
"New Jersey","Mercer",2019,211,163,46,2,0,0,0,136,64,42,0,0,167,0,44,0
"New Jersey","Middlesex",2019,181,149,31,1,0,0,0,105,57,41,0,11,131,0,39,0
"New Jersey","Monmouth",2019,122,117,5,0,0,0,0,90,47,38,0,0,122,0,0,0
"New Jersey","Morris",2019,180,168,12,0,0,0,0,84,49,39,0,8,162,0,10,0
"New Jersey","Ocean",2019,181,152,29,0,0,0,0,97,57,40,0,0,110,0,71,0
"New Jersey","Passaic",2019,134,119,15,0,0,0,0,80,51,40,0,0,107,0,27,0
"New Jersey","Union",2019,182,130,52,0,0,0,0,100,57,43,1,65,0,0,116,0
"New Jersey","Warren",2019,181,155,25,1,0,0,0,103,52,38,0,28,99,0,54,0
"New Mexico","Bernalillo",2019,258,109,145,4,0,0,0,108,80,54,0,1,212,0,28,17
"New Mexico","Dona Ana",2019,181,73,98,5,1,2,2,630,87,54,0,1,129,0,11,40
"New Mexico","Eddy",2019,226,115,99,10,2,0,0,174,93,50,0,1,225,0,0,0
"New Mexico","Lea",2019,181,114,64,3,0,0,0,140,77,47,0,3,155,0,23,0
"New Mexico","Luna",2019,181,172,7,1,0,0,1,617,35,14,0,0,0,0,0,181
"New Mexico","Rio Arriba",2019,170,136,34,0,0,0,0,90,58,45,0,0,170,0,0,0
"New Mexico","San Juan",2019,273,159,114,0,0,0,0,97,77,49,0,3,269,1,0,0
"New Mexico","Sandoval",2019,273,194,79,0,0,0,0,93,61,47,0,0,266,0,4,3
"New Mexico","Santa Fe",2019,180,119,60,1,0,0,0,101,74,47,0,0,173,0,7,0
"New Mexico","Taos",2019,170,153,17,0,0,0,0,70,51,18,0,0,0,0,170,0
"New Mexico","Valencia",2019,180,128,52,0,0,0,0,93,67,46,0,0,180,0,0,0
"New York","Albany",2019,274,246,28,0,0,0,0,92,51,39,1,0,206,0,67,0
"New York","Bronx",2019,274,203,68,3,0,0,0,115,66,41,1,35,141,0,97,0
"New York","Chautauqua",2019,273,246,26,1,0,0,0,105,50,40,0,0,264,0,9,0
"New York","Dutchess",2019,273,261,12,0,0,0,0,90,46,37,0,0,272,1,0,0
"New York","Erie",2019,274,230,44,0,0,0,0,93,54,40,1,21,197,0,55,0
"New York","Essex",2019,273,242,31,0,0,0,0,80,51,44,0,0,272,0,1,0
"New York","Franklin",2019,272,272,0,0,0,0,0,1,0,0,0,0,0,272,0,0
"New York","Hamilton",2019,271,268,2,1,0,0,0,109,44,36,0,0,266,5,0,0
"New York","Herkimer",2019,131,131,0,0,0,0,0,45,39,30,0,0,125,6,0,0
"New York","Jefferson",2019,205,198,7,0,0,0,0,64,46,35,0,0,205,0,0,0
"New York","Kings",2019,273,252,21,0,0,0,0,66,45,27,0,0,0,0,273,0
"New York","Monroe",2019,274,244,30,0,0,0,0,90,51,37,1,3,191,0,79,0
"New York","Nassau",2019,271,257,14,0,0,0,0,68,41,21,0,0,0,11,260,0
"New York","New York",2019,274,214,58,2,0,0,0,136,61,42,1,0,154,0,119,0
"New York","Niagara",2019,267,254,13,0,0,0,0,80,47,37,0,0,267,0,0,0
"New York","Oneida",2019,266,259,7,0,0,0,0,55,36,17,0,0,0,0,266,0
"New York","Onondaga",2019,273,254,19,0,0,0,0,77,49,39,0,0,236,0,37,0
"New York","Orange",2019,273,256,17,0,0,0,0,74,47,38,0,0,226,0,47,0
"New York","Oswego",2019,262,257,5,0,0,0,0,67,45,36,0,0,262,0,0,0
"New York","Putnam",2019,273,257,15,1,0,0,0,101,47,37,0,0,270,3,0,0
"New York","Queens",2019,274,215,55,4,0,0,0,119,64,41,1,56,165,0,52,0
"New York","Richmond",2019,273,231,42,0,0,0,0,97,56,39,0,0,195,0,78,0
"New York","Rockland",2019,273,247,25,1,0,0,0,112,50,38,0,0,244,0,29,0
"New York","Saratoga",2019,272,269,3,0,0,0,0,58,44,35,0,0,272,0,0,0
"New York","Seneca",2019,238,226,0,12,0,0,0,115,1,0,0,0,0,238,0,0
"New York","St. Lawrence",2019,273,211,55,7,0,0,0,104,80,17,0,0,0,273,0,0
"New York","Steuben",2019,274,263,11,0,0,0,0,62,47,37,2,0,232,0,40,0
"New York","Suffolk",2019,273,215,49,9,0,0,0,150,71,43,0,0,245,0,28,0
"New York","Tompkins",2019,242,236,6,0,0,0,0,61,45,37,0,0,206,36,0,0
"New York","Wayne",2019,208,193,15,0,0,0,0,90,49,39,0,0,208,0,0,0
"New York","Westchester",2019,273,240,32,1,0,0,0,105,58,38,0,0,241,0,32,0
"North Carolina","Alexander",2019,214,183,31,0,0,0,0,80,58,43,0,0,214,0,0,0
"North Carolina","Avery",2019,270,242,28,0,0,0,0,77,51,40,0,0,270,0,0,0
"North Carolina","Beaufort",2019,181,181,0,0,0,0,0,17,7,0,0,0,0,181,0,0
"North Carolina","Brunswick",2019,178,163,14,1,0,0,0,101,46,0,0,0,0,178,0,0
"North Carolina","Buncombe",2019,273,238,35,0,0,0,0,84,52,42,0,0,170,2,101,0
"North Carolina","Caldwell",2019,212,183,29,0,0,0,0,74,54,43,0,0,212,0,0,0
"North Carolina","Carteret",2019,118,98,20,0,0,0,0,80,64,44,0,0,118,0,0,0
"North Carolina","Caswell",2019,214,205,9,0,0,0,0,64,48,40,0,0,214,0,0,0
"North Carolina","Catawba",2019,269,223,46,0,0,0,0,71,54,34,0,0,0,0,269,0
"North Carolina","Cumberland",2019,271,200,71,0,0,0,0,84,60,44,0,0,181,0,87,3
"North Carolina","Davidson",2019,255,197,58,0,0,0,0,73,56,36,0,0,0,0,255,0
"North Carolina","Durham",2019,272,208,64,0,0,0,0,87,58,44,0,0,180,0,92,0
"North Carolina","Edgecombe",2019,271,238,33,0,0,0,0,71,52,41,0,0,177,0,94,0
"North Carolina","Forsyth",2019,243,159,84,0,0,0,0,90,64,45,0,5,133,0,105,0
"North Carolina","Graham",2019,214,162,52,0,0,0,0,97,61,45,0,0,214,0,0,0
"North Carolina","Granville",2019,209,166,43,0,0,0,0,87,64,44,0,0,209,0,0,0
"North Carolina","Guilford",2019,273,213,60,0,0,0,0,90,64,44,0,0,195,0,59,19
"North Carolina","Haywood",2019,273,209,62,2,0,0,0,108,64,45,0,0,213,60,0,0
"North Carolina","Jackson",2019,50,48,2,0,0,0,0,62,49,21,0,0,0,0,50,0
"North Carolina","Johnston",2019,271,213,58,0,0,0,0,87,55,43,0,0,145,0,126,0
"North Carolina","Lenoir",2019,206,174,32,0,0,0,0,87,54,43,0,0,206,0,0,0
"North Carolina","Lincoln",2019,212,150,62,0,0,0,0,97,67,45,0,0,212,0,0,0
"North Carolina","Macon",2019,207,192,15,0,0,0,0,87,49,37,0,0,207,0,0,0
"North Carolina","Martin",2019,264,230,34,0,0,0,0,74,54,41,0,0,206,0,0,58
"North Carolina","Mecklenburg",2019,274,171,93,10,0,0,0,136,74,46,1,0,176,0,97,0
"North Carolina","Mitchell",2019,241,235,6,0,0,0,0,59,39,24,0,0,0,0,241,0
"North Carolina","Montgomery",2019,266,220,46,0,0,0,0,71,54,40,0,0,157,0,109,0
"North Carolina","New Hanover",2019,260,231,29,0,0,0,0,80,51,38,0,0,192,0,68,0
"North Carolina","Northampton",2019,58,55,3,0,0,0,0,58,49,36,0,0,0,0,58,0
"North Carolina","Person",2019,270,226,44,0,0,0,0,92,58,43,0,0,213,57,0,0
"North Carolina","Pitt",2019,265,224,41,0,0,0,0,87,54,41,0,0,181,0,84,0
"North Carolina","Rockingham",2019,214,178,36,0,0,0,0,84,58,44,0,0,214,0,0,0
"North Carolina","Rowan",2019,273,216,57,0,0,0,0,100,67,44,0,0,273,0,0,0
"North Carolina","Swain",2019,273,235,38,0,0,0,0,90,52,39,0,0,152,0,121,0
"North Carolina","Union",2019,204,149,54,1,0,0,0,105,67,46,0,0,204,0,0,0
"North Carolina","Wake",2019,272,170,102,0,0,0,0,93,62,48,0,0,135,0,137,0
"North Carolina","Yancey",2019,213,166,47,0,0,0,0,87,64,45,0,0,213,0,0,0
"North Dakota","Billings",2019,273,262,11,0,0,0,0,84,46,36,0,0,244,0,29,0
"North Dakota","Burke",2019,273,262,11,0,0,0,0,67,47,36,0,1,244,3,24,1
"North Dakota","Burleigh",2019,274,244,30,0,0,0,0,90,53,33,1,6,168,0,91,8
"North Dakota","Cass",2019,271,241,28,1,1,0,0,156,51,36,0,6,207,0,57,1
"North Dakota","Dunn",2019,273,257,16,0,0,0,0,87,48,37,0,0,257,0,16,0
"North Dakota","McKenzie",2019,273,261,12,0,0,0,0,77,48,37,0,1,249,0,22,1
"North Dakota","Mercer",2019,273,249,24,0,0,0,0,71,49,38,0,0,211,3,59,0
"North Dakota","Oliver",2019,273,247,26,0,0,0,0,84,50,37,0,0,256,0,17,0
"North Dakota","Ward",2019,272,255,17,0,0,0,0,87,46,31,0,6,188,0,74,4
"North Dakota","Williams",2019,273,222,50,1,0,0,0,108,59,38,0,0,186,51,35,1
"Ohio","Adams",2019,243,243,0,0,0,0,0,45,33,20,0,0,0,31,212,0
"Ohio","Allen",2019,243,199,44,0,0,0,0,97,58,41,0,0,161,31,51,0
"Ohio","Ashtabula",2019,243,222,20,1,0,0,0,112,49,38,0,0,184,59,0,0
"Ohio","Athens",2019,81,78,3,0,0,0,0,56,41,27,0,0,0,0,81,0
"Ohio","Belmont",2019,244,234,10,0,0,0,0,64,39,16,14,161,0,1,63,5
"Ohio","Butler",2019,273,187,83,3,0,0,0,107,74,45,0,0,231,4,34,4
"Ohio","Clark",2019,243,141,101,1,0,0,0,101,66,46,0,0,117,3,123,0
"Ohio","Clermont",2019,272,205,63,4,0,0,0,140,61,44,0,0,185,0,87,0
"Ohio","Clinton",2019,213,173,40,0,0,0,0,100,58,44,0,0,213,0,0,0
"Ohio","Columbiana",2019,237,237,0,0,0,0,0,26,12,1,0,0,0,195,0,42
"Ohio","Cuyahoga",2019,244,127,114,3,0,0,0,105,74,50,1,3,104,2,128,6
"Ohio","Delaware",2019,181,157,24,0,0,0,0,84,51,42,0,0,181,0,0,0
"Ohio","Fayette",2019,208,192,16,0,0,0,0,74,49,39,0,0,208,0,0,0
"Ohio","Franklin",2019,244,164,79,1,0,0,0,101,67,47,1,4,141,0,97,1
"Ohio","Gallia",2019,243,227,15,1,0,0,0,105,37,6,0,0,0,243,0,0
"Ohio","Geauga",2019,169,136,31,2,0,0,0,119,64,44,0,0,169,0,0,0
"Ohio","Greene",2019,182,156,26,0,0,0,0,90,54,42,0,0,182,0,0,0
"Ohio","Hamilton",2019,274,121,147,6,0,0,0,119,77,52,1,5,137,0,131,0
"Ohio","Harrison",2019,188,186,2,0,0,0,0,59,31,2,148,0,0,0,38,2
"Ohio","Jefferson",2019,243,140,101,2,0,0,0,123,63,47,0,0,82,4,157,0
"Ohio","Knox",2019,184,161,23,0,0,0,0,93,54,43,0,0,184,0,0,0
"Ohio","Lake",2019,244,209,30,5,0,0,0,115,58,40,1,0,172,1,70,0
"Ohio","Lawrence",2019,243,211,32,0,0,0,0,77,52,41,0,0,147,0,96,0
"Ohio","Licking",2019,184,164,20,0,0,0,0,80,51,42,0,0,184,0,0,0
"Ohio","Lorain",2019,243,207,36,0,0,0,0,71,52,39,0,0,153,0,90,0
"Ohio","Lucas",2019,243,191,51,1,0,0,0,143,63,42,0,0,158,10,75,0
"Ohio","Madison",2019,184,154,30,0,0,0,0,93,58,43,0,0,184,0,0,0
"Ohio","Mahoning",2019,243,202,41,0,0,0,0,84,56,41,0,0,137,1,105,0
"Ohio","Medina",2019,264,233,31,0,0,0,0,78,52,39,0,0,141,0,123,0
"Ohio","Miami",2019,180,167,13,0,0,0,0,77,50,41,0,0,180,0,0,0
"Ohio","Montgomery",2019,244,152,92,0,0,0,0,94,63,45,1,0,128,0,114,1
"Ohio","Morgan",2019,236,236,0,0,0,0,0,21,7,1,0,0,0,236,0,0
"Ohio","Noble",2019,208,195,13,0,0,0,0,74,49,38,0,0,208,0,0,0
"Ohio","Portage",2019,219,203,16,0,0,0,0,87,49,38,0,0,184,0,35,0
"Ohio","Preble",2019,243,177,66,0,0,0,0,93,61,44,1,0,162,0,80,0
"Ohio","Scioto",2019,243,237,6,0,0,0,0,78,38,14,0,0,0,42,68,133
"Ohio","Stark",2019,243,144,99,0,0,0,0,100,67,47,0,0,126,0,117,0
"Ohio","Summit",2019,273,204,66,3,0,0,0,115,62,43,0,0,153,2,118,0
"Ohio","Trumbull",2019,243,194,49,0,0,0,0,100,60,42,0,0,159,0,84,0
"Ohio","Warren",2019,273,205,65,3,0,0,0,122,64,44,0,0,175,0,98,0
"Ohio","Washington",2019,184,165,19,0,0,0,0,87,51,42,0,0,184,0,0,0
"Ohio","Wood",2019,183,165,18,0,0,0,0,87,50,40,0,0,183,0,0,0
"Oklahoma","Adair",2019,182,161,21,0,0,0,0,86,51,40,1,0,135,0,43,3
"Oklahoma","Canadian",2019,273,225,47,1,0,0,0,105,61,40,0,0,273,0,0,0
"Oklahoma","Carter",2019,273,201,72,0,0,0,0,97,59,44,0,0,171,0,102,0
"Oklahoma","Choctaw",2019,196,183,13,0,0,0,0,90,48,39,0,0,196,0,0,0
"Oklahoma","Cleveland",2019,273,163,110,0,0,0,0,90,66,47,0,0,154,0,119,0
"Oklahoma","Comanche",2019,273,198,75,0,0,0,0,97,67,44,0,0,184,0,89,0
"Oklahoma","Creek",2019,265,241,23,1,0,0,0,101,50,38,0,0,265,0,0,0
"Oklahoma","Custer",2019,236,235,1,0,0,0,0,58,26,14,0,0,0,0,0,236
"Oklahoma","Dewey",2019,273,210,63,0,0,0,0,93,60,44,0,0,196,0,77,0
"Oklahoma","Garfield",2019,253,250,3,0,0,0,0,74,14,0,0,0,0,253,0,0
"Oklahoma","Johnston",2019,81,71,10,0,0,0,0,67,51,42,0,0,81,0,0,0
"Oklahoma","Kay",2019,273,213,59,1,0,0,0,106,56,40,0,0,56,3,214,0
"Oklahoma","Le Flore",2019,38,35,3,0,0,0,0,79,48,28,0,0,0,0,35,3
"Oklahoma","Mayes",2019,271,258,13,0,0,0,0,100,46,13,0,0,118,153,0,0
"Oklahoma","Muskogee",2019,195,178,15,1,1,0,0,169,46,12,0,0,0,61,0,134
"Oklahoma","Nowata",2019,273,200,72,1,0,0,0,118,58,43,0,0,164,0,109,0
"Oklahoma","Oklahoma",2019,274,164,109,1,0,0,0,119,74,47,1,1,172,0,99,1
"Oklahoma","Osage",2019,271,228,43,0,0,0,0,90,58,40,0,0,271,0,0,0
"Oklahoma","Ottawa",2019,181,147,34,0,0,0,0,99,54,41,0,0,70,0,102,9
"Oklahoma","Pittsburg",2019,273,190,81,2,0,0,0,105,61,44,0,0,164,0,109,0
"Oklahoma","Sequoyah",2019,212,185,27,0,0,0,0,67,52,38,0,12,92,0,108,0
"Oklahoma","Tulsa",2019,274,175,98,1,0,0,0,105,68,47,1,2,173,0,98,0
"Oregon","Baker",2019,90,88,2,0,0,0,0,60,43,26,0,0,0,0,90,0
"Oregon","Benton",2019,90,86,4,0,0,0,0,60,40,20,0,0,0,0,90,0
"Oregon","Clackamas",2019,61,58,3,0,0,0,0,90,44,36,0,0,61,0,0,0
"Oregon","Columbia",2019,58,56,2,0,0,0,0,84,39,29,0,0,58,0,0,0
"Oregon","Coos",2019,107,106,1,0,0,0,0,58,35,19,0,0,0,0,107,0
"Oregon","Crook",2019,56,48,8,0,0,0,0,85,57,17,0,0,0,0,56,0
"Oregon","Deschutes",2019,90,89,1,0,0,0,0,56,37,20,0,0,0,0,90,0
"Oregon","Grant",2019,90,51,38,1,0,0,0,103,65,47,0,0,0,0,90,0
"Oregon","Harney",2019,133,83,45,5,0,0,0,131,74,40,0,0,0,0,133,0
"Oregon","Jackson",2019,161,136,24,1,0,0,0,105,59,35,0,0,61,0,100,0
"Oregon","Jefferson",2019,90,61,29,0,0,0,0,81,67,33,0,0,0,0,90,0
"Oregon","Josephine",2019,105,74,31,0,0,0,0,88,71,36,0,0,0,0,105,0
"Oregon","Klamath",2019,105,76,29,0,0,0,0,92,70,33,0,0,0,0,105,0
"Oregon","Lake",2019,120,101,18,1,0,0,0,106,60,20,0,0,0,0,120,0
"Oregon","Lane",2019,181,131,47,3,0,0,0,117,70,37,0,0,52,0,122,7
"Oregon","Linn",2019,90,81,9,0,0,0,0,95,52,26,0,0,0,0,90,0
"Oregon","Marion",2019,61,59,2,0,0,0,0,74,43,33,0,0,61,0,0,0
"Oregon","Multnomah",2019,181,175,6,0,0,0,0,84,42,32,5,20,146,0,10,0
"Oregon","Umatilla",2019,150,123,27,0,0,0,0,80,56,38,0,0,60,0,90,0
"Oregon","Union",2019,90,85,5,0,0,0,0,56,45,24,0,0,0,0,88,2
"Oregon","Wallowa",2019,90,76,14,0,0,0,0,83,54,30,0,0,0,0,90,0
"Oregon","Washington",2019,182,169,13,0,0,0,0,87,47,31,2,12,120,0,48,0
"Pennsylvania","Adams",2019,212,164,48,0,0,0,0,80,59,43,0,0,162,0,50,0
"Pennsylvania","Allegheny",2019,274,100,165,6,3,0,0,161,80,55,1,0,87,20,166,0
"Pennsylvania","Armstrong",2019,212,189,23,0,0,0,0,71,51,39,0,0,152,0,60,0
"Pennsylvania","Beaver",2019,212,150,61,1,0,0,0,132,63,45,0,0,153,0,59,0
"Pennsylvania","Berks",2019,212,159,46,6,1,0,0,165,67,43,0,0,145,1,66,0
"Pennsylvania","Blair",2019,206,165,41,0,0,0,0,90,60,42,0,0,145,0,61,0
"Pennsylvania","Bradford",2019,201,176,25,0,0,0,0,75,52,39,0,0,150,0,51,0
"Pennsylvania","Bucks",2019,209,181,25,3,0,0,0,136,61,39,0,0,209,0,0,0
"Pennsylvania","Cambria",2019,210,176,34,0,0,0,0,84,55,39,0,3,131,0,76,0
"Pennsylvania","Centre",2019,212,151,61,0,0,0,0,91,65,44,0,0,131,0,81,0
"Pennsylvania","Chester",2019,208,154,52,2,0,0,0,115,67,44,0,0,167,0,41,0
"Pennsylvania","Clearfield",2019,208,207,1,0,0,0,0,61,44,37,0,0,208,0,0,0
"Pennsylvania","Cumberland",2019,181,123,54,4,0,0,0,150,69,40,0,0,0,0,181,0
"Pennsylvania","Dauphin",2019,212,169,40,2,1,0,0,158,64,42,0,0,145,0,66,1
"Pennsylvania","Delaware",2019,210,148,58,4,0,0,0,131,70,44,0,3,143,0,64,0
"Pennsylvania","Elk",2019,207,197,10,0,0,0,0,80,49,39,0,0,207,0,0,0
"Pennsylvania","Erie",2019,211,187,24,0,0,0,0,93,51,37,0,5,147,0,59,0
"Pennsylvania","Fayette",2019,208,192,16,0,0,0,0,67,48,39,0,0,177,0,31,0
"Pennsylvania","Franklin",2019,198,184,14,0,0,0,0,80,49,39,0,0,198,0,0,0
"Pennsylvania","Greene",2019,203,194,9,0,0,0,0,58,45,35,0,0,144,0,59,0
"Pennsylvania","Indiana",2019,211,193,18,0,0,0,0,93,50,41,0,0,203,8,0,0
"Pennsylvania","Lackawanna",2019,212,196,16,0,0,0,0,80,49,39,0,14,183,0,15,0
"Pennsylvania","Lancaster",2019,212,138,67,6,1,0,0,157,72,46,0,0,128,0,84,0
"Pennsylvania","Lawrence",2019,209,208,1,0,0,0,0,54,43,32,0,0,209,0,0,0
"Pennsylvania","Lebanon",2019,207,159,45,3,0,0,0,142,64,43,0,0,144,0,63,0
"Pennsylvania","Lehigh",2019,211,172,36,3,0,0,0,119,61,40,0,0,151,0,60,0
"Pennsylvania","Luzerne",2019,210,201,9,0,0,0,0,77,47,37,0,0,206,0,0,4
"Pennsylvania","Lycoming",2019,208,200,8,0,0,0,0,67,46,37,0,0,208,0,0,0
"Pennsylvania","Mercer",2019,212,171,41,0,0,0,0,93,57,42,0,0,163,0,49,0
"Pennsylvania","Monroe",2019,202,194,8,0,0,0,0,80,47,38,0,0,202,0,0,0
"Pennsylvania","Montgomery",2019,212,178,33,1,0,0,0,129,57,35,0,0,146,0,66,0
"Pennsylvania","Northampton",2019,212,172,37,3,0,0,0,114,63,42,0,0,161,0,51,0
"Pennsylvania","Philadelphia",2019,182,132,49,1,0,0,0,136,66,43,1,19,108,0,54,0
"Pennsylvania","Somerset",2019,209,192,17,0,0,0,0,80,49,39,0,0,209,0,0,0
"Pennsylvania","Susquehanna",2019,181,168,13,0,0,0,0,70,46,24,0,0,0,0,181,0
"Pennsylvania","Tioga",2019,210,203,7,0,0,0,0,63,48,38,0,2,180,0,28,0
"Pennsylvania","Warren",2019,181,178,1,2,0,0,0,120,24,10,0,0,0,181,0,0
"Pennsylvania","Washington",2019,212,146,65,1,0,0,0,110,61,44,0,0,137,1,74,0
"Pennsylvania","Westmoreland",2019,205,187,18,0,0,0,0,93,50,39,0,0,167,0,38,0
"Pennsylvania","York",2019,212,175,37,0,0,0,0,93,58,41,0,10,157,0,45,0
"Puerto Rico","Adjuntas",2019,57,53,4,0,0,0,0,58,44,18,0,0,0,0,57,0
"Puerto Rico","Bayamon",2019,149,142,7,0,0,0,0,95,42,15,0,0,38,27,84,0
"Puerto Rico","Caguas",2019,171,165,6,0,0,0,0,67,23,9,94,19,0,0,58,0
"Puerto Rico","Catano",2019,169,28,79,14,2,26,20,396,326,88,0,0,59,1,102,7
"Puerto Rico","Fajardo",2019,59,54,5,0,0,0,0,66,50,21,0,0,0,0,59,0
"Puerto Rico","Guayama",2019,75,74,1,0,0,0,0,96,7,6,0,0,0,75,0,0
"Puerto Rico","Guaynabo",2019,181,159,20,2,0,0,0,105,51,22,23,114,0,0,34,10
"Puerto Rico","Mayagnez",2019,20,12,8,0,0,0,0,76,71,41,0,0,1,0,19,0
"Puerto Rico","Ponce",2019,170,104,60,6,0,0,0,136,67,39,7,0,0,0,142,21
"Puerto Rico","San Juan",2019,99,99,0,0,0,0,0,30,17,13,99,0,0,0,0,0
"Rhode Island","Kent",2019,178,169,9,0,0,0,0,84,48,39,0,0,113,0,65,0
"Rhode Island","Providence",2019,208,176,32,0,0,0,0,84,54,43,1,12,117,0,72,6
"Rhode Island","Washington",2019,181,171,9,1,0,0,0,108,48,40,0,0,118,0,63,0
"South Carolina","Aiken",2019,223,188,35,0,0,0,0,97,61,42,0,0,223,0,0,0
"South Carolina","Anderson",2019,190,143,46,1,0,0,0,108,67,44,0,0,190,0,0,0
"South Carolina","Berkeley",2019,172,145,27,0,0,0,0,100,58,40,0,0,172,0,0,0
"South Carolina","Charleston",2019,263,213,49,1,0,0,0,140,58,40,0,0,169,0,93,1
"South Carolina","Chesterfield",2019,271,196,75,0,0,0,0,90,64,44,0,0,184,0,87,0
"South Carolina","Colleton",2019,7,7,0,0,0,0,0,32,32,29,0,0,5,0,2,0
"South Carolina","Darlington",2019,228,176,52,0,0,0,0,100,64,44,0,0,228,0,0,0
"South Carolina","Edgefield",2019,273,214,59,0,0,0,0,88,58,42,0,0,182,0,91,0
"South Carolina","Florence",2019,270,239,31,0,0,0,0,70,51,32,0,0,0,0,270,0
"South Carolina","Georgetown",2019,92,91,1,0,0,0,0,52,25,14,0,0,0,0,0,92
"South Carolina","Greenville",2019,273,173,99,1,0,0,0,101,71,46,0,1,189,0,82,1
"South Carolina","Horry",2019,206,150,56,0,0,0,0,97,67,44,0,0,206,0,0,0
"South Carolina","Lexington",2019,273,233,40,0,0,0,0,66,53,31,0,0,0,0,246,27
"South Carolina","Oconee",2019,273,219,53,1,0,0,0,105,58,43,0,0,238,0,35,0
"South Carolina","Pickens",2019,215,141,74,0,0,0,0,93,77,46,0,0,215,0,0,0
"South Carolina","Richland",2019,274,198,74,2,0,0,0,136,67,44,1,0,222,0,51,0
"South Carolina","Spartanburg",2019,273,183,88,2,0,0,0,105,71,46,0,0,198,0,75,0
"South Carolina","York",2019,272,198,67,7,0,0,0,133,71,43,0,0,210,26,36,0
"South Dakota","Brookings",2019,181,115,61,5,0,0,0,126,77,47,0,0,165,0,16,0
"South Dakota","Brown",2019,60,52,8,0,0,0,0,77,56,24,0,0,0,0,54,6
"South Dakota","Codington",2019,178,156,22,0,0,0,0,83,54,27,0,0,0,0,146,32
"South Dakota","Custer",2019,181,174,7,0,0,0,0,84,49,40,0,0,176,0,5,0
"South Dakota","Hughes",2019,177,171,6,0,0,0,0,65,38,14,0,0,0,0,177,0
"South Dakota","Jackson",2019,181,165,16,0,0,0,0,61,50,41,0,2,169,0,10,0
"South Dakota","Meade",2019,181,174,7,0,0,0,0,80,46,37,0,0,177,0,0,4
"South Dakota","Minnehaha",2019,182,149,32,1,0,0,0,105,58,42,1,6,147,0,27,1
"South Dakota","Pennington",2019,179,127,48,4,0,0,0,117,67,35,0,9,0,0,54,116
"South Dakota","Union",2019,180,146,34,0,0,0,0,97,58,40,0,2,119,0,53,6
"Tennessee","Anderson",2019,181,145,36,0,0,0,0,87,67,39,0,0,122,59,0,0
"Tennessee","Blount",2019,244,201,42,1,0,0,0,101,54,42,1,0,217,0,26,0
"Tennessee","Claiborne",2019,208,188,20,0,0,0,0,80,50,38,0,0,208,0,0,0
"Tennessee","Davidson",2019,182,140,42,0,0,0,0,74,57,43,1,21,80,0,80,0
"Tennessee","DeKalb",2019,210,186,24,0,0,0,0,80,51,38,0,0,210,0,0,0
"Tennessee","Dyer",2019,176,167,9,0,0,0,0,60,45,26,0,0,0,0,176,0
"Tennessee","Hamilton",2019,273,178,95,0,0,0,0,97,67,46,0,0,166,0,107,0
"Tennessee","Jefferson",2019,121,100,21,0,0,0,0,90,58,44,0,0,121,0,0,0
"Tennessee","Knox",2019,273,203,70,0,0,0,0,84,58,42,0,0,137,0,133,3
"Tennessee","Lawrence",2019,173,164,9,0,0,0,0,60,44,25,0,0,0,0,173,0
"Tennessee","Loudon",2019,181,146,35,0,0,0,0,80,58,42,0,0,93,0,88,0
"Tennessee","Madison",2019,181,174,7,0,0,0,0,57,45,24,0,0,0,0,181,0
"Tennessee","Maury",2019,179,171,8,0,0,0,0,61,45,25,0,0,0,0,179,0
"Tennessee","McMinn",2019,173,149,24,0,0,0,0,65,53,29,0,0,0,0,173,0
"Tennessee","Montgomery",2019,178,167,11,0,0,0,0,63,46,26,0,0,0,0,178,0
"Tennessee","Putnam",2019,181,177,4,0,0,0,0,63,42,23,0,0,0,0,181,0
"Tennessee","Roane",2019,173,158,15,0,0,0,0,71,49,27,0,0,0,0,173,0
"Tennessee","Sevier",2019,243,187,56,0,0,0,0,87,61,45,0,0,243,0,0,0
"Tennessee","Shelby",2019,182,121,61,0,0,0,0,90,63,44,1,6,106,0,69,0
"Tennessee","Sullivan",2019,181,102,63,16,0,0,0,121,91,50,0,0,69,78,34,0
"Tennessee","Sumner",2019,178,143,35,0,0,0,0,87,58,40,0,0,103,0,75,0
"Tennessee","Williamson",2019,122,102,20,0,0,0,0,71,54,43,0,0,122,0,0,0
"Tennessee","Wilson",2019,115,99,16,0,0,0,0,74,54,41,0,0,115,0,0,0
"Texas","Bell",2019,212,156,54,2,0,0,0,105,63,43,0,1,163,0,48,0
"Texas","Bexar",2019,273,141,126,5,1,0,0,169,71,50,0,1,103,0,169,0
"Texas","Bowie",2019,196,170,26,0,0,0,0,63,52,32,0,0,0,0,196,0
"Texas","Brazoria",2019,181,158,18,4,1,0,0,161,58,35,0,2,179,0,0,0
"Texas","Brewster",2019,238,188,50,0,0,0,0,93,60,44,0,0,208,0,30,0
"Texas","Cameron",2019,181,101,80,0,0,0,0,89,69,48,0,0,69,0,112,0
"Texas","Collin",2019,181,154,23,4,0,0,0,126,58,40,0,0,181,0,0,0
"Texas","Dallas",2019,182,114,65,3,0,0,0,112,72,45,1,6,96,0,79,0
"Texas","Denton",2019,181,142,35,4,0,0,0,133,64,42,0,4,140,0,37,0
"Texas","Ector",2019,205,178,27,0,0,0,0,80,54,30,0,0,0,0,205,0
"Texas","El Paso",2019,213,60,145,6,2,0,0,157,84,57,1,6,104,0,101,1
"Texas","Ellis",2019,181,146,35,0,0,0,0,97,60,40,0,2,135,0,44,0
"Texas","Freestone",2019,208,208,0,0,0,0,0,31,1,0,0,0,0,208,0,0
"Texas","Galveston",2019,181,135,39,7,0,0,0,136,64,41,0,3,140,3,34,1
"Texas","Gregg",2019,211,186,24,1,0,0,0,112,51,35,0,2,200,9,0,0
"Texas","Harris",2019,182,89,77,13,3,0,0,169,93,51,1,10,79,0,90,2
"Texas","Harrison",2019,211,174,36,1,0,0,0,113,54,38,0,0,123,26,62,0
"Texas","Hidalgo",2019,181,103,76,2,0,0,0,106,70,45,0,0,60,0,120,1
"Texas","Hood",2019,177,160,17,0,0,0,0,90,50,36,0,0,177,0,0,0
"Texas","Howard",2019,190,169,21,0,0,0,0,99,51,6,0,0,0,190,0,0
"Texas","Hunt",2019,180,168,12,0,0,0,0,97,49,36,0,0,180,0,0,0
"Texas","Hutchinson",2019,206,118,35,51,2,0,0,162,121,33,0,0,0,206,0,0
"Texas","Jefferson",2019,181,112,65,3,1,0,0,174,74,45,0,0,102,11,68,0
"Texas","Johnson",2019,175,146,25,4,0,0,0,119,64,39,0,0,175,0,0,0
"Texas","Kaufman",2019,181,153,28,0,0,0,0,93,54,41,0,1,138,0,42,0
"Texas","Kleberg",2019,159,118,41,0,0,0,0,87,59,35,0,0,0,0,159,0
"Texas","Lubbock",2019,192,181,10,1,0,0,0,103,44,25,0,0,0,0,192,0
"Texas","Maverick",2019,159,124,34,1,0,0,0,104,62,28,0,0,0,0,159,0
"Texas","McLennan",2019,213,194,19,0,0,0,0,80,50,36,2,0,177,0,34,0
"Texas","Milam",2019,190,190,0,0,0,0,0,1,1,0,0,0,0,190,0,0
"Texas","Montgomery",2019,181,142,34,5,0,0,0,143,67,42,0,1,144,0,36,0
"Texas","Navarro",2019,181,128,47,4,2,0,0,193,72,42,0,1,109,44,27,0
"Texas","Nueces",2019,181,116,64,1,0,0,0,107,66,46,0,0,83,1,97,0
"Texas","Orange",2019,181,135,44,2,0,0,0,111,62,43,0,0,113,13,55,0
"Texas","Parker",2019,180,158,22,0,0,0,0,90,51,38,0,0,180,0,0,0
"Texas","Polk",2019,206,197,9,0,0,0,0,74,45,31,0,0,206,0,0,0
"Texas","Potter",2019,212,195,13,4,0,0,0,110,44,21,0,0,0,54,158,0
"Texas","Randall",2019,203,153,48,2,0,0,0,112,64,44,0,0,203,0,0,0
"Texas","Robertson",2019,211,211,0,0,0,0,0,17,1,0,0,0,0,211,0,0
"Texas","Rockwall",2019,169,161,8,0,0,0,0,87,47,34,0,0,169,0,0,0
"Texas","Rusk",2019,210,182,21,7,0,0,0,129,64,9,0,0,0,210,0,0
"Texas","Smith",2019,211,184,26,1,0,0,0,133,54,37,0,0,211,0,0,0
"Texas","Tarrant",2019,182,125,56,1,0,0,0,119,67,43,1,9,117,0,55,0
"Texas","Titus",2019,205,204,1,0,0,0,0,54,11,0,0,0,0,205,0,0
"Texas","Travis",2019,244,160,83,1,0,0,0,115,64,45,1,4,116,0,123,0
"Texas","Victoria",2019,160,143,17,0,0,0,0,87,54,33,0,0,160,0,0,0
"Texas","Webb",2019,182,116,65,1,0,0,0,109,72,44,1,0,62,0,118,1
"Utah","Box Elder",2019,273,222,49,2,0,0,0,121,58,43,0,66,184,0,23,0
"Utah","Cache",2019,273,199,67,7,0,0,0,137,64,46,0,0,232,0,41,0
"Utah","Carbon",2019,304,204,99,1,0,0,0,108,67,47,0,4,300,0,0,0
"Utah","Davis",2019,273,185,83,5,0,0,0,119,75,46,0,14,235,0,24,0
"Utah","Duchesne",2019,273,147,115,7,4,0,0,177,74,49,0,0,255,0,18,0
"Utah","Garfield",2019,192,156,36,0,0,0,0,80,54,44,0,0,192,0,0,0
"Utah","Iron",2019,304,275,29,0,0,0,0,84,50,43,0,8,281,0,15,0
"Utah","Salt Lake",2019,305,150,140,15,0,0,0,132,87,51,1,19,239,1,43,2
"Utah","San Juan",2019,241,184,57,0,0,0,0,93,58,46,0,0,241,0,0,0
"Utah","Tooele",2019,272,221,50,1,0,0,0,105,61,44,0,0,248,0,24,0
"Utah","Uintah",2019,273,145,111,12,4,1,0,205,87,50,0,0,263,0,10,0
"Utah","Utah",2019,305,205,100,0,0,0,0,97,71,47,1,6,272,0,26,0
"Utah","Washington",2019,304,235,69,0,0,0,0,93,61,46,0,0,299,0,5,0
"Utah","Weber",2019,217,165,50,2,0,0,0,108,64,44,1,22,166,0,28,0
"Vermont","Bennington",2019,181,171,10,0,0,0,0,68,47,39,0,0,166,0,15,0
"Vermont","Chittenden",2019,182,170,12,0,0,0,0,80,48,40,1,0,153,0,28,0
"Vermont","Rutland",2019,182,160,22,0,0,0,0,77,54,39,1,0,136,0,44,1
"Virgin Islands","St Croix",2019,27,26,1,0,0,0,0,71,41,18,0,0,0,0,27,0
"Virgin Islands","St Thomas",2019,181,164,17,0,0,0,0,91,50,25,0,0,0,0,181,0
"Virginia","Albemarle",2019,161,148,13,0,0,0,0,67,49,40,0,0,118,0,43,0
"Virginia","Alexandria City",2019,90,90,0,0,0,0,0,16,8,5,0,0,0,0,0,90
"Virginia","Arlington",2019,202,180,21,1,0,0,0,112,51,39,2,51,113,0,36,0
"Virginia","Botetourt",2019,263,261,2,0,0,0,0,71,16,0,0,0,0,263,0,0
"Virginia","Bristol City",2019,80,77,3,0,0,0,0,68,45,27,0,0,0,0,80,0
"Virginia","Caroline",2019,117,109,8,0,0,0,0,71,50,40,0,0,117,0,0,0
"Virginia","Carroll",2019,49,49,0,0,0,0,0,18,16,10,0,0,0,0,0,49
"Virginia","Charles",2019,198,184,14,0,0,0,0,84,48,37,0,43,112,2,41,0
"Virginia","Chesterfield",2019,160,147,13,0,0,0,0,87,50,39,0,0,118,0,42,0
"Virginia","Covington City",2019,181,178,1,2,0,0,0,121,24,7,0,0,0,181,0,0
"Virginia","Fairfax",2019,250,198,51,1,0,0,0,101,58,41,0,22,85,0,135,8
"Virginia","Fauquier",2019,116,113,3,0,0,0,0,64,47,37,0,0,116,0,0,0
"Virginia","Frederick",2019,202,185,17,0,0,0,0,93,48,38,0,0,100,0,102,0
"Virginia","Giles",2019,273,235,36,2,0,0,0,134,56,37,0,0,182,91,0,0
"Virginia","Hampton City",2019,209,187,22,0,0,0,0,84,51,39,1,3,112,0,87,6
"Virginia","Hanover",2019,120,105,15,0,0,0,0,74,54,43,0,0,120,0,0,0
"Virginia","Henrico",2019,211,196,15,0,0,0,0,100,49,37,1,11,150,0,41,8
"Virginia","Hopewell City",2019,46,46,0,0,0,0,0,16,15,9,0,0,0,0,0,46
"Virginia","Loudoun",2019,198,181,17,0,0,0,0,74,49,38,0,41,117,0,40,0
"Virginia","Lynchburg City",2019,70,69,1,0,0,0,0,55,44,26,0,0,0,0,70,0
"Virginia","Madison",2019,239,217,22,0,0,0,0,67,50,42,0,0,235,0,4,0
"Virginia","Norfolk City",2019,210,205,5,0,0,0,0,61,38,20,1,133,0,0,67,9
"Virginia","Prince Edward",2019,207,200,7,0,0,0,0,67,46,36,0,0,207,0,0,0
"Virginia","Prince William",2019,180,173,7,0,0,0,0,67,48,38,0,58,122,0,0,0
"Virginia","Richmond City",2019,203,174,29,0,0,0,0,76,52,33,1,63,0,0,139,0
"Virginia","Roanoke",2019,203,180,23,0,0,0,0,71,51,38,1,11,104,0,87,0
"Virginia","Rockbridge",2019,121,112,9,0,0,0,0,71,48,40,0,0,121,0,0,0
"Virginia","Rockingham",2019,202,190,12,0,0,0,0,65,49,39,0,48,113,0,41,0
"Virginia","Salem City",2019,79,76,3,0,0,0,0,60,46,26,0,0,0,0,79,0
"Virginia","Stafford",2019,149,141,8,0,0,0,0,67,49,39,0,0,121,0,0,28
"Virginia","Suffolk City",2019,122,107,15,0,0,0,0,97,51,44,0,0,122,0,0,0
"Virginia","Virginia Beach City",2019,79,75,4,0,0,0,0,62,43,28,0,0,0,0,79,0
"Virginia","Winchester City",2019,46,46,0,0,0,0,0,23,14,8,0,0,0,0,0,46
"Virginia","Wythe",2019,122,112,10,0,0,0,0,71,50,44,0,0,122,0,0,0
"Washington","Adams",2019,212,211,1,0,0,0,0,69,23,12,0,0,0,0,212,0
"Washington","Asotin",2019,207,184,23,0,0,0,0,72,54,25,0,0,0,0,207,0
"Washington","Benton",2019,212,190,22,0,0,0,0,80,51,37,0,0,115,0,93,4
"Washington","Chelan",2019,212,192,20,0,0,0,0,76,49,20,0,0,0,0,212,0
"Washington","Clallam",2019,212,196,16,0,0,0,0,70,49,37,0,0,148,0,64,0
"Washington","Clark",2019,212,189,22,1,0,0,0,128,53,29,0,0,90,0,122,0
"Washington","Columbia",2019,212,207,5,0,0,0,0,55,32,15,0,0,0,0,212,0
"Washington","Cowlitz",2019,207,199,8,0,0,0,0,76,40,13,0,0,0,0,207,0
"Washington","Franklin",2019,195,193,2,0,0,0,0,56,34,15,0,0,0,0,195,0
"Washington","Garfield",2019,205,205,0,0,0,0,0,49,28,15,0,0,0,0,205,0
"Washington","Grant",2019,212,205,7,0,0,0,0,62,37,18,0,0,0,0,212,0
"Washington","Grays Harbor",2019,199,199,0,0,0,0,0,40,30,18,0,0,0,0,199,0
"Washington","Jefferson",2019,212,211,1,0,0,0,0,51,29,18,0,0,0,0,212,0
"Washington","King",2019,213,172,41,0,0,0,0,90,56,39,1,47,84,0,81,0
"Washington","Kitsap",2019,187,185,2,0,0,0,0,75,29,15,0,0,0,0,187,0
"Washington","Kittitas",2019,211,187,24,0,0,0,0,71,53,21,0,0,0,0,211,0
"Washington","Klickitat",2019,212,207,5,0,0,0,0,64,39,18,0,0,0,0,212,0
"Washington","Lewis",2019,212,203,9,0,0,0,0,62,38,18,0,0,0,0,212,0
"Washington","Mason",2019,212,202,10,0,0,0,0,70,36,20,0,0,0,0,212,0
"Washington","Okanogan",2019,212,166,46,0,0,0,0,87,60,26,0,0,0,0,212,0
"Washington","Pierce",2019,212,169,41,2,0,0,0,142,61,42,0,12,125,0,75,0
"Washington","San Juan",2019,112,112,0,0,0,0,0,39,23,16,0,0,0,0,112,0
"Washington","Skagit",2019,212,211,1,0,0,0,0,53,33,23,0,0,70,0,142,0
"Washington","Snohomish",2019,212,172,39,1,0,0,0,114,63,27,0,0,0,0,212,0
"Washington","Spokane",2019,212,191,21,0,0,0,0,87,50,36,0,0,90,0,98,24
"Washington","Stevens",2019,212,175,37,0,0,0,0,100,59,25,0,0,0,0,147,65
"Washington","Thurston",2019,212,194,18,0,0,0,0,71,48,29,0,0,91,0,121,0
"Washington","Walla Walla",2019,212,200,12,0,0,0,0,63,45,21,0,0,0,0,115,97
"Washington","Whatcom",2019,212,158,48,6,0,0,0,122,72,35,0,0,31,114,67,0
"Washington","Whitman",2019,212,210,2,0,0,0,0,53,28,17,0,0,0,0,212,0
"Washington","Yakima",2019,212,143,66,3,0,0,0,114,73,35,0,0,0,0,211,1
"West Virginia","Berkeley",2019,227,211,16,0,0,0,0,74,49,40,0,0,201,0,26,0
"West Virginia","Brooke",2019,242,221,19,2,0,0,0,112,48,18,0,0,0,139,57,46
"West Virginia","Cabell",2019,230,213,17,0,0,0,0,71,50,40,0,0,203,0,27,0
"West Virginia","Gilmer",2019,193,191,2,0,0,0,0,58,45,34,0,0,193,0,0,0
"West Virginia","Greenbrier",2019,211,191,20,0,0,0,0,84,50,43,0,0,211,0,0,0
"West Virginia","Hancock",2019,181,161,20,0,0,0,0,93,51,39,0,0,116,20,23,22
"West Virginia","Harrison",2019,56,53,3,0,0,0,0,55,44,28,0,0,0,0,56,0
"West Virginia","Kanawha",2019,274,228,46,0,0,0,0,93,55,42,6,0,203,3,62,0
"West Virginia","Marion",2019,47,45,2,0,0,0,0,55,42,28,0,0,0,0,47,0
"West Virginia","Marshall",2019,181,166,15,0,0,0,0,74,44,4,0,0,0,123,58,0
"West Virginia","Mason",2019,239,235,3,1,0,0,0,103,26,3,0,0,0,239,0,0
"West Virginia","Mineral",2019,176,153,10,12,1,0,0,161,66,3,0,0,0,176,0,0
"West Virginia","Monongalia",2019,272,252,20,0,0,0,0,74,49,39,0,0,206,45,21,0
"West Virginia","Ohio",2019,139,123,16,0,0,0,0,67,52,42,0,0,115,0,24,0
"West Virginia","Tucker",2019,209,196,13,0,0,0,0,61,49,39,0,0,209,0,0,0
"West Virginia","Wood",2019,272,250,22,0,0,0,0,87,49,38,0,0,200,49,23,0
"Wisconsin","Ashland",2019,243,226,17,0,0,0,0,78,48,36,0,0,215,0,28,0
"Wisconsin","Brown",2019,243,211,32,0,0,0,0,97,52,37,0,0,133,2,108,0
"Wisconsin","Columbia",2019,146,138,8,0,0,0,0,71,47,39,0,0,146,0,0,0
"Wisconsin","Dane",2019,243,189,54,0,0,0,0,93,61,40,0,0,130,0,113,0
"Wisconsin","Dodge",2019,244,195,48,1,0,0,0,122,58,42,1,0,190,0,53,0
"Wisconsin","Door",2019,155,146,8,1,0,0,0,112,47,36,0,0,155,0,0,0
"Wisconsin","Eau Claire",2019,241,205,36,0,0,0,0,92,54,37,0,0,128,0,112,1
"Wisconsin","Fond du Lac",2019,156,149,7,0,0,0,0,100,48,38,0,0,156,0,0,0
"Wisconsin","Forest",2019,242,223,19,0,0,0,0,97,49,37,0,0,207,0,35,0
"Wisconsin","Grant",2019,243,206,36,1,0,0,0,104,55,29,0,0,0,0,243,0
"Wisconsin","Jefferson",2019,157,145,12,0,0,0,0,100,50,40,0,0,157,0,0,0
"Wisconsin","Kenosha",2019,243,188,53,2,0,0,0,119,67,42,0,0,168,0,75,0
"Wisconsin","Kewaunee",2019,164,155,9,0,0,0,0,90,45,38,0,0,164,0,0,0
"Wisconsin","La Crosse",2019,243,207,36,0,0,0,0,81,57,38,0,0,137,0,106,0
"Wisconsin","Manitowoc",2019,156,141,15,0,0,0,0,100,49,37,0,0,156,0,0,0
"Wisconsin","Marathon",2019,159,150,9,0,0,0,0,84,48,36,0,0,159,0,0,0
"Wisconsin","Milwaukee",2019,244,182,60,2,0,0,0,101,64,43,1,8,150,0,80,5
"Wisconsin","Oneida",2019,243,242,1,0,0,0,0,52,7,0,0,0,0,243,0,0
"Wisconsin","Outagamie",2019,243,206,35,2,0,0,0,119,58,38,0,0,132,5,106,0
"Wisconsin","Ozaukee",2019,243,205,36,2,0,0,0,108,58,39,0,0,154,0,89,0
"Wisconsin","Racine",2019,158,131,26,1,0,0,0,115,64,42,0,0,158,0,0,0
"Wisconsin","Rock",2019,157,140,17,0,0,0,0,77,51,40,0,0,157,0,0,0
"Wisconsin","Sauk",2019,243,209,33,1,0,0,0,107,54,37,0,0,135,0,108,0
"Wisconsin","Sheboygan",2019,160,138,20,2,0,0,0,108,64,39,0,0,160,0,0,0
"Wisconsin","Taylor",2019,243,214,29,0,0,0,0,85,52,37,0,0,171,0,72,0
"Wisconsin","Vilas",2019,240,227,13,0,0,0,0,90,47,31,0,0,137,0,103,0
"Wisconsin","Walworth",2019,159,143,15,1,0,0,0,112,51,40,0,0,159,0,0,0
"Wisconsin","Waukesha",2019,243,189,53,1,0,0,0,115,60,41,0,0,124,0,118,1
"Wyoming","Albany",2019,212,127,85,0,0,0,0,90,64,49,0,0,193,0,2,17
"Wyoming","Big Horn",2019,172,162,10,0,0,0,0,77,48,39,0,0,172,0,0,0
"Wyoming","Campbell",2019,212,185,27,0,0,0,0,79,52,39,0,0,123,0,5,84
"Wyoming","Carbon",2019,181,148,32,1,0,0,0,112,54,45,0,3,174,4,0,0
"Wyoming","Converse",2019,273,251,22,0,0,0,0,97,50,37,1,0,163,92,0,17
"Wyoming","Fremont",2019,181,136,44,1,0,0,0,122,64,47,0,0,165,6,10,0
"Wyoming","Johnson",2019,181,168,13,0,0,0,0,80,50,41,0,0,174,0,0,7
"Wyoming","Laramie",2019,182,157,25,0,0,0,0,74,54,43,1,1,170,0,7,3
"Wyoming","Lincoln",2019,181,180,1,0,0,0,0,56,26,10,0,0,0,0,0,181
"Wyoming","Natrona",2019,180,154,26,0,0,0,0,74,51,44,0,0,178,1,1,0
"Wyoming","Park",2019,181,171,10,0,0,0,0,77,48,38,0,3,172,0,4,2
"Wyoming","Platte",2019,29,26,2,1,0,0,0,108,56,11,0,0,0,0,0,29
"Wyoming","Sheridan",2019,181,157,24,0,0,0,0,90,51,42,0,0,154,0,15,12
"Wyoming","Sublette",2019,210,127,72,8,3,0,0,200,84,49,0,0,208,0,2,0
"Wyoming","Sweetwater",2019,273,210,60,3,0,0,0,133,61,43,0,3,165,0,3,102
"Wyoming","Teton",2019,244,209,35,0,0,0,0,87,54,44,1,0,240,0,3,0
"Wyoming","Uinta",2019,181,146,34,1,0,0,0,101,58,44,0,0,178,0,0,3
"Wyoming","Weston",2019,181,161,20,0,0,0,0,71,51,42,0,0,179,2,0,0
